{
  "type": "FeatureCollection",
  "features": [
    {
      "type": "Feature",
      "geometry": {
        "type": "Polygon",
        "coordinates": [
          [
            [
              112.9310794,
              28.1626897
            ],
            [
              112.9310791,
              28.1625246
            ],
            [
              112.9305164,
              28.1625254
            ],
            [
              112.9305167,
              28.1626906
            ],
            [
              112.9310794,
              28.1626897
            ]
          ]
        ]
      },
      "properties": {
        "addr:housename": "升华学生公寓 24 栋",
        "addr:postcode": "410012",
        "building": "apartments",
        "int_name": "Block 24 of Shenghua Students' Apartments",
        "name": "升华学生公寓 24 栋",
        "osm_id": "way/155469202",
        "layer": "building",
        "graph_node_id": "B001",
        "render_height_m": 12,
        "height_source": "示意高度 12 m"
      }
    },
    {
      "type": "Feature",
      "geometry": {
        "type": "Polygon",
        "coordinates": [
          [
            [
              112.9390226,
              28.1536974
            ],
            [
              112.9390234,
              28.1534361
            ],
            [
              112.9389426,
              28.153436
            ],
            [
              112.9389428,
              28.1533592
            ],
            [
              112.9393827,
              28.1533601
            ],
            [
              112.9393838,
              28.1529439
            ],
            [
              112.9393411,
              28.1529438
            ],
            [
              112.9393415,
              28.152784
            ],
            [
              112.939364,
              28.1527841
            ],
            [
              112.9393748,
              28.1524741
            ],
            [
              112.9393335,
              28.1524701
            ],
            [
              112.9393418,
              28.1522626
            ],
            [
              112.9388243,
              28.1522683
            ],
            [
              112.93882,
              28.1527001
            ],
            [
              112.9387921,
              28.1527006
            ],
            [
              112.9387914,
              28.1529366
            ],
            [
              112.9387109,
              28.1529364
            ],
            [
              112.93871,
              28.1532685
            ],
            [
              112.9386168,
              28.1532683
            ],
            [
              112.9386157,
              28.1536965
            ],
            [
              112.9390226,
              28.1536974
            ]
          ]
        ]
      },
      "properties": {
        "building": "yes",
        "building:levels": "7",
        "height": "21",
        "name": "中南大学新校区 图书馆",
        "opening_hours": "Mo-Su,PH 08:00-22:00",
        "osm_id": "way/272333087",
        "layer": "building",
        "graph_node_id": "B002",
        "render_height_m": 21.0,
        "height_source": "OSM height"
      }
    },
    {
      "type": "Feature",
      "geometry": {
        "type": "Polygon",
        "coordinates": [
          [
            [
              112.9310171,
              28.1623611
            ],
            [
              112.9310174,
              28.1621852
            ],
            [
              112.9304359,
              28.1621844
            ],
            [
              112.9304356,
              28.1623603
            ],
            [
              112.9310171,
              28.1623611
            ]
          ]
        ]
      },
      "properties": {
        "addr:housename": "升华学生公寓 21 栋",
        "addr:postcode": "410012",
        "building": "apartments",
        "int_name": "Block 21 of Shenghua Students' Apartments",
        "name": "升华学生公寓 21 栋",
        "osm_id": "way/279349826",
        "layer": "building",
        "graph_node_id": "B003",
        "render_height_m": 12,
        "height_source": "示意高度 12 m"
      }
    },
    {
      "type": "Feature",
      "geometry": {
        "type": "Polygon",
        "coordinates": [
          [
            [
              112.9303123,
              28.1626617
            ],
            [
              112.9303228,
              28.1621219
            ],
            [
              112.9299802,
              28.1621679
            ],
            [
              112.9297478,
              28.1622955
            ],
            [
              112.9296222,
              28.1624618
            ],
            [
              112.9295737,
              28.1625308
            ],
            [
              112.9295214,
              28.1626282
            ],
            [
              112.9295071,
              28.1626549
            ],
            [
              112.9303123,
              28.1626617
            ]
          ]
        ]
      },
      "properties": {
        "amenity": "food_court",
        "building": "yes",
        "name": "中南大学二食堂",
        "osm_id": "way/289010341",
        "layer": "building",
        "graph_node_id": "B004",
        "render_height_m": 12,
        "height_source": "示意高度 12 m"
      }
    },
    {
      "type": "Feature",
      "geometry": {
        "type": "Polygon",
        "coordinates": [
          [
            [
              112.9329429,
              28.1657956
            ],
            [
              112.9329373,
              28.1658368
            ],
            [
              112.9329718,
              28.1658404
            ],
            [
              112.932976,
              28.1658088
            ],
            [
              112.932993,
              28.1658106
            ],
            [
              112.9329886,
              28.1658431
            ],
            [
              112.9330203,
              28.1658465
            ],
            [
              112.9330257,
              28.1658064
            ],
            [
              112.9330933,
              28.1658135
            ],
            [
              112.9330886,
              28.1658487
            ],
            [
              112.9331175,
              28.1658517
            ],
            [
              112.9331219,
              28.1658187
            ],
            [
              112.9331407,
              28.1658206
            ],
            [
              112.9331365,
              28.1658515
            ],
            [
              112.9331687,
              28.1658549
            ],
            [
              112.9331732,
              28.1658213
            ],
            [
              112.9332335,
              28.1658276
            ],
            [
              112.9332289,
              28.1658614
            ],
            [
              112.9332633,
              28.165865
            ],
            [
              112.9332672,
              28.1658358
            ],
            [
              112.9332835,
              28.1658375
            ],
            [
              112.9332797,
              28.1658655
            ],
            [
              112.9333116,
              28.1658689
            ],
            [
              112.9333154,
              28.1658406
            ],
            [
              112.9333747,
              28.1658468
            ],
            [
              112.9333713,
              28.1658723
            ],
            [
              112.9334038,
              28.1658757
            ],
            [
              112.9334079,
              28.165845
            ],
            [
              112.9334316,
              28.1658475
            ],
            [
              112.9334277,
              28.1658766
            ],
            [
              112.9334535,
              28.1658793
            ],
            [
              112.933458,
              28.1658463
            ],
            [
              112.93349,
              28.1658497
            ],
            [
              112.9334999,
              28.1657761
            ],
            [
              112.9329193,
              28.1657151
            ],
            [
              112.9329089,
              28.165792
            ],
            [
              112.9329429,
              28.1657956
            ]
          ]
        ]
      },
      "properties": {
        "building": "residential",
        "name": "南校区19栋",
        "osm_id": "way/337138416",
        "layer": "building",
        "graph_node_id": "B005",
        "render_height_m": 12,
        "height_source": "示意高度 12 m"
      }
    },
    {
      "type": "Feature",
      "geometry": {
        "type": "Polygon",
        "coordinates": [
          [
            [
              112.9333949,
              28.1656079
            ],
            [
              112.93341,
              28.1654849
            ],
            [
              112.9329442,
              28.1654405
            ],
            [
              112.9329291,
              28.1655636
            ],
            [
              112.9333949,
              28.1656079
            ]
          ]
        ]
      },
      "properties": {
        "building": "residential",
        "name": "南校区25栋",
        "osm_id": "way/337138418",
        "layer": "building",
        "graph_node_id": "B006",
        "render_height_m": 12,
        "height_source": "示意高度 12 m"
      }
    },
    {
      "type": "Feature",
      "geometry": {
        "type": "Polygon",
        "coordinates": [
          [
            [
              112.9334785,
              28.1661741
            ],
            [
              112.9335007,
              28.1660246
            ],
            [
              112.9328857,
              28.1659537
            ],
            [
              112.9328635,
              28.1661034
            ],
            [
              112.9334785,
              28.1661741
            ]
          ]
        ]
      },
      "properties": {
        "building": "residential",
        "name": "南校区18栋",
        "osm_id": "way/337138419",
        "layer": "building",
        "graph_node_id": "B007",
        "render_height_m": 12,
        "height_source": "示意高度 12 m"
      }
    },
    {
      "type": "Feature",
      "geometry": {
        "type": "Polygon",
        "coordinates": [
          [
            [
              112.9330176,
              28.1664078
            ],
            [
              112.9330198,
              28.1663855
            ],
            [
              112.9330305,
              28.1663864
            ],
            [
              112.9330284,
              28.1664075
            ],
            [
              112.9331011,
              28.1664133
            ],
            [
              112.9331042,
              28.1663829
            ],
            [
              112.9331053,
              28.1663829
            ],
            [
              112.9331018,
              28.166413
            ],
            [
              112.9331579,
              28.166418
            ],
            [
              112.9331603,
              28.1663972
            ],
            [
              112.9331997,
              28.1664007
            ],
            [
              112.9331976,
              28.1664187
            ],
            [
              112.9332495,
              28.1664234
            ],
            [
              112.9332532,
              28.1663912
            ],
            [
              112.9332578,
              28.1663916
            ],
            [
              112.933253,
              28.166431
            ],
            [
              112.9333188,
              28.1664372
            ],
            [
              112.9333216,
              28.1664142
            ],
            [
              112.9333415,
              28.1664161
            ],
            [
              112.9333381,
              28.1664433
            ],
            [
              112.9334044,
              28.1664496
            ],
            [
              112.9334083,
              28.1664179
            ],
            [
              112.9334277,
              28.1664197
            ],
            [
              112.9334442,
              28.166287
            ],
            [
              112.9333793,
              28.1662807
            ],
            [
              112.933377,
              28.1662987
            ],
            [
              112.9333267,
              28.1662938
            ],
            [
              112.9333284,
              28.1662799
            ],
            [
              112.9332329,
              28.1662705
            ],
            [
              112.9332304,
              28.166291
            ],
            [
              112.9331584,
              28.166284
            ],
            [
              112.9331607,
              28.1662652
            ],
            [
              112.9330892,
              28.1662582
            ],
            [
              112.9330816,
              28.1662727
            ],
            [
              112.933006,
              28.1662668
            ],
            [
              112.9330072,
              28.1662541
            ],
            [
              112.9329637,
              28.1662506
            ],
            [
              112.9329485,
              28.1664024
            ],
            [
              112.9330176,
              28.1664078
            ]
          ]
        ]
      },
      "properties": {
        "building": "residential",
        "name": "南校区27栋",
        "osm_id": "way/337138420",
        "layer": "building",
        "graph_node_id": "B008",
        "render_height_m": 12,
        "height_source": "示意高度 12 m"
      }
    },
    {
      "type": "Feature",
      "geometry": {
        "type": "Polygon",
        "coordinates": [
          [
            [
              112.932961,
              28.1652978
            ],
            [
              112.9334527,
              28.1653365
            ],
            [
              112.933466,
              28.1652052
            ],
            [
              112.9329742,
              28.1651666
            ],
            [
              112.932961,
              28.1652978
            ]
          ]
        ]
      },
      "properties": {
        "building": "residential",
        "name": "南校区26栋",
        "osm_id": "way/337183038",
        "layer": "building",
        "graph_node_id": "B009",
        "render_height_m": 12,
        "height_source": "示意高度 12 m"
      }
    },
    {
      "type": "Feature",
      "geometry": {
        "type": "Polygon",
        "coordinates": [
          [
            [
              112.9304996,
              28.1605926
            ],
            [
              112.9300122,
              28.1605931
            ],
            [
              112.9300124,
              28.1607387
            ],
            [
              112.9304999,
              28.1607381
            ],
            [
              112.9304996,
              28.1605926
            ]
          ]
        ]
      },
      "properties": {
        "addr:housename": "升华学生公寓 7 栋",
        "addr:postcode": "410012",
        "building": "apartments",
        "int_name": "Block 7 of Shenghua Students' Apartments",
        "name": "升华学生公寓 7 栋",
        "osm_id": "way/381465638",
        "layer": "building",
        "graph_node_id": "B010",
        "render_height_m": 12,
        "height_source": "示意高度 12 m"
      }
    },
    {
      "type": "Feature",
      "geometry": {
        "type": "Polygon",
        "coordinates": [
          [
            [
              112.9313604,
              28.1608574
            ],
            [
              112.9313602,
              28.1608744
            ],
            [
              112.9315414,
              28.1608761
            ],
            [
              112.9315427,
              28.1607684
            ],
            [
              112.9314601,
              28.1607676
            ],
            [
              112.931461,
              28.1606951
            ],
            [
              112.9313299,
              28.1606939
            ],
            [
              112.9313292,
              28.1607501
            ],
            [
              112.9312576,
              28.1607494
            ],
            [
              112.9312564,
              28.1608564
            ],
            [
              112.9313604,
              28.1608574
            ]
          ]
        ]
      },
      "properties": {
        "building": "apartments",
        "name": "升华学生公寓 8 栋",
        "osm_id": "way/381465639",
        "layer": "building",
        "graph_node_id": "B011",
        "render_height_m": 12,
        "height_source": "示意高度 12 m"
      }
    },
    {
      "type": "Feature",
      "geometry": {
        "type": "Polygon",
        "coordinates": [
          [
            [
              112.9284492,
              28.1639793
            ],
            [
              112.92848,
              28.1638291
            ],
            [
              112.9277449,
              28.1637118
            ],
            [
              112.9277141,
              28.1638619
            ],
            [
              112.9284492,
              28.1639793
            ]
          ]
        ]
      },
      "properties": {
        "building": "apartments",
        "building:levels": "7",
        "height": "22.43",
        "name": "升华学生公寓32栋",
        "osm_id": "way/381465644",
        "layer": "building",
        "graph_node_id": "B012",
        "render_height_m": 22.43,
        "height_source": "OSM height"
      }
    },
    {
      "type": "Feature",
      "geometry": {
        "type": "Polygon",
        "coordinates": [
          [
            [
              112.9293989,
              28.161699
            ],
            [
              112.9296815,
              28.1619999
            ],
            [
              112.9298339,
              28.1618864
            ],
            [
              112.9294948,
              28.161525
            ],
            [
              112.9289033,
              28.1615192
            ],
            [
              112.9289049,
              28.1616896
            ],
            [
              112.9293989,
              28.161699
            ]
          ]
        ]
      },
      "properties": {
        "addr:housename": "升华学生公寓 14 栋",
        "addr:postcode": "410012",
        "building": "apartments",
        "int_name": "Block 14 of Shenghua Students' Apartments",
        "name": "升华学生公寓 14 栋",
        "osm_id": "way/381465645",
        "layer": "building",
        "graph_node_id": "B013",
        "render_height_m": 12,
        "height_source": "示意高度 12 m"
      }
    },
    {
      "type": "Feature",
      "geometry": {
        "type": "Polygon",
        "coordinates": [
          [
            [
              112.9318407,
              28.1625191
            ],
            [
              112.9322276,
              28.1625514
            ],
            [
              112.9322501,
              28.1625505
            ],
            [
              112.9322683,
              28.1625437
            ],
            [
              112.9322823,
              28.1625301
            ],
            [
              112.9322877,
              28.1625139
            ],
            [
              112.9323364,
              28.1620718
            ],
            [
              112.932332,
              28.1620499
            ],
            [
              112.9323194,
              28.1620353
            ],
            [
              112.9322947,
              28.1620306
            ],
            [
              112.9318989,
              28.1619963
            ],
            [
              112.9318407,
              28.1625191
            ]
          ]
        ]
      },
      "properties": {
        "amenity": "food_court",
        "building": "yes",
        "name": "中南大学七食堂",
        "osm_id": "way/381465646",
        "layer": "building",
        "graph_node_id": "B014",
        "render_height_m": 12,
        "height_source": "示意高度 12 m"
      }
    },
    {
      "type": "Feature",
      "geometry": {
        "type": "Polygon",
        "coordinates": [
          [
            [
              112.9303795,
              28.1613372
            ],
            [
              112.9303809,
              28.1611826
            ],
            [
              112.9296382,
              28.1611774
            ],
            [
              112.9296377,
              28.1612316
            ],
            [
              112.9296027,
              28.1612313
            ],
            [
              112.9296023,
              28.1612764
            ],
            [
              112.9296257,
              28.1612766
            ],
            [
              112.9296252,
              28.1613319
            ],
            [
              112.9303795,
              28.1613372
            ]
          ]
        ]
      },
      "properties": {
        "addr:housename": "升华学生公寓 13 栋",
        "addr:postcode": "410012",
        "building": "apartments",
        "int_name": "Block 13 of Shenghua Students' Apartments",
        "name": "升华学生公寓 13 栋",
        "osm_id": "way/381465647",
        "layer": "building",
        "graph_node_id": "B015",
        "render_height_m": 12,
        "height_source": "示意高度 12 m"
      }
    },
    {
      "type": "Feature",
      "geometry": {
        "type": "Polygon",
        "coordinates": [
          [
            [
              112.9282398,
              28.1632112
            ],
            [
              112.9286165,
              28.163258
            ],
            [
              112.9286456,
              28.1630893
            ],
            [
              112.9278866,
              28.1629874
            ],
            [
              112.9278575,
              28.163156
            ],
            [
              112.9282398,
              28.1632112
            ]
          ]
        ]
      },
      "properties": {
        "addr:housename": "升华学生公寓 28 栋南",
        "addr:postcode": "410012",
        "building": "apartments",
        "int_name": "South Block 28 of Shenghua Students' Apartments",
        "name": "升华学生公寓 28 栋南",
        "osm_id": "way/381465648",
        "layer": "building",
        "graph_node_id": "B016",
        "render_height_m": 12,
        "height_source": "示意高度 12 m"
      }
    },
    {
      "type": "Feature",
      "geometry": {
        "type": "Polygon",
        "coordinates": [
          [
            [
              112.9304867,
              28.1604155
            ],
            [
              112.9304865,
              28.1604325
            ],
            [
              112.9306723,
              28.1604343
            ],
            [
              112.9306736,
              28.1603225
            ],
            [
              112.9305911,
              28.1603217
            ],
            [
              112.9305919,
              28.1602515
            ],
            [
              112.9304563,
              28.1602502
            ],
            [
              112.9304556,
              28.1603043
            ],
            [
              112.930384,
              28.1603036
            ],
            [
              112.9303827,
              28.1604145
            ],
            [
              112.9304867,
              28.1604155
            ]
          ]
        ]
      },
      "properties": {
        "addr:housename": "升华学生公寓 6 栋",
        "addr:postcode": "410012",
        "building": "apartments",
        "int_name": "Block 6 of Shenghua Students' Apartments",
        "name": "升华学生公寓 6 栋",
        "osm_id": "way/381465651",
        "layer": "building",
        "graph_node_id": "B017",
        "render_height_m": 12,
        "height_source": "示意高度 12 m"
      }
    },
    {
      "type": "Feature",
      "geometry": {
        "type": "Polygon",
        "coordinates": [
          [
            [
              112.9281809,
              28.1635564
            ],
            [
              112.9285589,
              28.1636073
            ],
            [
              112.9285879,
              28.1634374
            ],
            [
              112.9278288,
              28.1633365
            ],
            [
              112.927803,
              28.1634873
            ],
            [
              112.9277997,
              28.1635064
            ],
            [
              112.9281809,
              28.1635564
            ]
          ]
        ]
      },
      "properties": {
        "addr:housename": "升华学生公寓 28 栋北",
        "addr:postcode": "410012",
        "building": "apartments",
        "int_name": "North Block 28 of Shenghua Students' Apartments",
        "name": "升华学生公寓 28 栋北",
        "osm_id": "way/381465652",
        "layer": "building",
        "graph_node_id": "B018",
        "render_height_m": 12,
        "height_source": "示意高度 12 m"
      }
    },
    {
      "type": "Feature",
      "geometry": {
        "type": "Polygon",
        "coordinates": [
          [
            [
              112.9283135,
              28.16504
            ],
            [
              112.928343,
              28.1648785
            ],
            [
              112.9276263,
              28.1647769
            ],
            [
              112.9275969,
              28.1649382
            ],
            [
              112.9283135,
              28.16504
            ]
          ]
        ]
      },
      "properties": {
        "addr:housename": "留学生公寓2栋",
        "building": "apartments",
        "building:levels": "7",
        "height": "22.43",
        "name": "留学生公寓1栋",
        "osm_id": "way/381465653",
        "layer": "building",
        "graph_node_id": "B019",
        "render_height_m": 22.43,
        "height_source": "OSM height"
      }
    },
    {
      "type": "Feature",
      "geometry": {
        "type": "Polygon",
        "coordinates": [
          [
            [
              112.9296397,
              28.1633523
            ],
            [
              112.9296411,
              28.1631962
            ],
            [
              112.9292718,
              28.1631937
            ],
            [
              112.9292704,
              28.1633498
            ],
            [
              112.9296397,
              28.1633523
            ]
          ]
        ]
      },
      "properties": {
        "addr:housename": "升华学生公寓 29 栋",
        "addr:postcode": "410012",
        "building": "apartments",
        "int_name": "Block 29 of Shenghua Students' Apartments",
        "name": "升华学生公寓 29 栋",
        "osm_id": "way/381465654",
        "layer": "building",
        "graph_node_id": "B020",
        "render_height_m": 12,
        "height_source": "示意高度 12 m"
      }
    },
    {
      "type": "Feature",
      "geometry": {
        "type": "Polygon",
        "coordinates": [
          [
            [
              112.9296762,
              28.1609897
            ],
            [
              112.929676,
              28.1610265
            ],
            [
              112.9303769,
              28.1610284
            ],
            [
              112.9303771,
              28.1609759
            ],
            [
              112.9304076,
              28.1609759
            ],
            [
              112.9304078,
              28.1609368
            ],
            [
              112.9303946,
              28.1609368
            ],
            [
              112.9303948,
              28.1608784
            ],
            [
              112.9296403,
              28.1608764
            ],
            [
              112.9296402,
              28.1609172
            ],
            [
              112.9296134,
              28.1609171
            ],
            [
              112.9296132,
              28.1609896
            ],
            [
              112.9296762,
              28.1609897
            ]
          ]
        ]
      },
      "properties": {
        "addr:housename": "升华学生公寓 12 栋",
        "addr:postcode": "410012",
        "building": "apartments",
        "building:levels": "7",
        "int_name": "Block 12 of Shenghua Students' Apartments",
        "name": "升华学生公寓 12 栋",
        "osm_id": "way/381465656",
        "layer": "building",
        "graph_node_id": "B021",
        "render_height_m": 21.0,
        "height_source": "OSM levels × 3 m"
      }
    },
    {
      "type": "Feature",
      "geometry": {
        "type": "Polygon",
        "coordinates": [
          [
            [
              112.9288302,
              28.1620738
            ],
            [
              112.9290506,
              28.1620784
            ],
            [
              112.9293687,
              28.1622807
            ],
            [
              112.929486,
              28.1621408
            ],
            [
              112.9291179,
              28.1619052
            ],
            [
              112.9285248,
              28.161893
            ],
            [
              112.9285227,
              28.162067
            ],
            [
              112.9288302,
              28.1620738
            ]
          ]
        ]
      },
      "properties": {
        "addr:housename": "升华学生公寓 15 栋",
        "addr:postcode": "410012",
        "building": "apartments",
        "int_name": "Block 15 of Shenghua Students' Apartments",
        "name": "升华学生公寓 15 栋",
        "osm_id": "way/381465657",
        "layer": "building",
        "graph_node_id": "B022",
        "render_height_m": 12,
        "height_source": "示意高度 12 m"
      }
    },
    {
      "type": "Feature",
      "geometry": {
        "type": "Polygon",
        "coordinates": [
          [
            [
              112.9310131,
              28.1620055
            ],
            [
              112.9310133,
              28.161851
            ],
            [
              112.9304491,
              28.1618504
            ],
            [
              112.9304489,
              28.162005
            ],
            [
              112.9310131,
              28.1620055
            ]
          ]
        ]
      },
      "properties": {
        "addr:housename": "升华学生公寓 20 栋",
        "addr:postcode": "410012",
        "building": "apartments",
        "building:levels": "7",
        "int_name": "Block 20 of Shenghua Students' Apartments",
        "name": "升华学生公寓 20 栋",
        "roof:levels": "0",
        "osm_id": "way/381465661",
        "layer": "building",
        "graph_node_id": "B023",
        "render_height_m": 21.0,
        "height_source": "OSM levels × 3 m"
      }
    },
    {
      "type": "Feature",
      "geometry": {
        "type": "Polygon",
        "coordinates": [
          [
            [
              112.9323071,
              28.1591689
            ],
            [
              112.9317793,
              28.1591696
            ],
            [
              112.9317796,
              28.159337
            ],
            [
              112.9323074,
              28.1593363
            ],
            [
              112.9323071,
              28.1591689
            ]
          ]
        ]
      },
      "properties": {
        "addr:housename": "升华学生公寓 1 栋南",
        "addr:postcode": "410012",
        "building": "apartments",
        "building:levels": "7",
        "int_name": "South Block 1 of Shenghua Students' Apartments",
        "name": "升华学生公寓 1 栋南",
        "roof:levels": "0",
        "osm_id": "way/381465662",
        "layer": "building",
        "graph_node_id": "B024",
        "render_height_m": 21.0,
        "height_source": "OSM levels × 3 m"
      }
    },
    {
      "type": "Feature",
      "geometry": {
        "type": "Polygon",
        "coordinates": [
          [
            [
              112.9306125,
              28.1611197
            ],
            [
              112.9306122,
              28.1611466
            ],
            [
              112.9308034,
              28.1611481
            ],
            [
              112.9308045,
              28.1610338
            ],
            [
              112.9307151,
              28.1610331
            ],
            [
              112.9307158,
              28.1609607
            ],
            [
              112.9305877,
              28.1609597
            ],
            [
              112.9305871,
              28.161016
            ],
            [
              112.9305157,
              28.1610154
            ],
            [
              112.9305147,
              28.161119
            ],
            [
              112.9306125,
              28.1611197
            ]
          ]
        ]
      },
      "properties": {
        "building": "apartments",
        "name": "升华学生公寓 11 栋",
        "osm_id": "way/381465663",
        "layer": "building",
        "graph_node_id": "B025",
        "render_height_m": 12,
        "height_source": "示意高度 12 m"
      }
    },
    {
      "type": "Feature",
      "geometry": {
        "type": "Polygon",
        "coordinates": [
          [
            [
              112.9317483,
              28.1596867
            ],
            [
              112.9323899,
              28.159686
            ],
            [
              112.9323897,
              28.1595243
            ],
            [
              112.9317481,
              28.159525
            ],
            [
              112.9317483,
              28.1596867
            ]
          ]
        ]
      },
      "properties": {
        "addr:housename": "升华学生公寓 1 栋北",
        "addr:postcode": "410012",
        "building": "apartments",
        "building:levels": "7",
        "int_name": "North Block 1 of Shenghua Students' Apartments",
        "name": "升华学生公寓 1 栋北",
        "roof:levels": "0",
        "osm_id": "way/381465664",
        "layer": "building",
        "graph_node_id": "B026",
        "render_height_m": 21.0,
        "height_source": "OSM levels × 3 m"
      }
    },
    {
      "type": "Feature",
      "geometry": {
        "type": "Polygon",
        "coordinates": [
          [
            [
              112.9283769,
              28.1643289
            ],
            [
              112.9284062,
              28.164179
            ],
            [
              112.927672,
              28.1640675
            ],
            [
              112.9276427,
              28.1642174
            ],
            [
              112.9283769,
              28.1643289
            ]
          ]
        ]
      },
      "properties": {
        "building": "apartments",
        "building:levels": "7",
        "height": "22.43",
        "name": "升华学生公寓 33 栋",
        "osm_id": "way/381465666",
        "layer": "building",
        "graph_node_id": "B027",
        "render_height_m": 22.43,
        "height_source": "OSM height"
      }
    },
    {
      "type": "Feature",
      "geometry": {
        "type": "Polygon",
        "coordinates": [
          [
            [
              112.9294486,
              28.1630017
            ],
            [
              112.9298201,
              28.1630041
            ],
            [
              112.9298214,
              28.1628458
            ],
            [
              112.9294499,
              28.1628434
            ],
            [
              112.9294486,
              28.1630017
            ]
          ]
        ]
      },
      "properties": {
        "addr:housename": "升华学生公寓 26 栋",
        "addr:postcode": "410012",
        "building": "apartments",
        "int_name": "Block 26 of Shenghua Students' Apartments",
        "name": "升华学生公寓 26 栋",
        "osm_id": "way/381465667",
        "layer": "building",
        "graph_node_id": "B028",
        "render_height_m": 12,
        "height_source": "示意高度 12 m"
      }
    },
    {
      "type": "Feature",
      "geometry": {
        "type": "Polygon",
        "coordinates": [
          [
            [
              112.931973,
              28.1605877
            ],
            [
              112.9319758,
              28.1604078
            ],
            [
              112.9319059,
              28.1604083
            ],
            [
              112.9318987,
              28.1603557
            ],
            [
              112.9318747,
              28.1603115
            ],
            [
              112.9318324,
              28.16028
            ],
            [
              112.9317785,
              28.1602648
            ],
            [
              112.9317133,
              28.1602589
            ],
            [
              112.9316445,
              28.1602744
            ],
            [
              112.9315863,
              28.1603079
            ],
            [
              112.9315533,
              28.1603575
            ],
            [
              112.9311462,
              28.160357
            ],
            [
              112.9311468,
              28.1605309
            ],
            [
              112.9310932,
              28.160529
            ],
            [
              112.9310975,
              28.1605801
            ],
            [
              112.931973,
              28.1605877
            ]
          ]
        ]
      },
      "properties": {
        "amenity": "food_court",
        "building": "yes",
        "name": "中南大学八食堂",
        "osm_id": "way/381465668",
        "layer": "building",
        "graph_node_id": "B029",
        "render_height_m": 12,
        "height_source": "示意高度 12 m"
      }
    },
    {
      "type": "Feature",
      "geometry": {
        "type": "Polygon",
        "coordinates": [
          [
            [
              112.9309098,
              28.160236
            ],
            [
              112.9309096,
              28.1602531
            ],
            [
              112.9310935,
              28.1602548
            ],
            [
              112.9310949,
              28.1601447
            ],
            [
              112.9310123,
              28.1601439
            ],
            [
              112.9310131,
              28.1600737
            ],
            [
              112.9308794,
              28.1600724
            ],
            [
              112.9308787,
              28.1601265
            ],
            [
              112.9308072,
              28.1601258
            ],
            [
              112.9308058,
              28.160235
            ],
            [
              112.9309098,
              28.160236
            ]
          ]
        ]
      },
      "properties": {
        "addr:housename": "升华学生公寓 5 栋",
        "addr:postcode": "410012",
        "building": "apartments",
        "building:levels": "7",
        "int_name": "Block 5 of Shenghua Students' Apartments",
        "name": "升华学生公寓 5 栋",
        "roof:levels": "0",
        "osm_id": "way/381465671",
        "layer": "building",
        "graph_node_id": "B030",
        "render_height_m": 21.0,
        "height_source": "OSM levels × 3 m"
      }
    },
    {
      "type": "Feature",
      "geometry": {
        "type": "Polygon",
        "coordinates": [
          [
            [
              112.9310559,
              28.161285
            ],
            [
              112.9310557,
              28.1613119
            ],
            [
              112.9311125,
              28.1613123
            ],
            [
              112.9312464,
              28.1613133
            ],
            [
              112.9312475,
              28.1611993
            ],
            [
              112.9311581,
              28.1611987
            ],
            [
              112.9311588,
              28.1611263
            ],
            [
              112.9310311,
              28.1611253
            ],
            [
              112.9310306,
              28.1611816
            ],
            [
              112.9309591,
              28.161181
            ],
            [
              112.9309581,
              28.1612842
            ],
            [
              112.9310559,
              28.161285
            ]
          ]
        ]
      },
      "properties": {
        "addr:city": "长沙市",
        "addr:district": "岳麓区",
        "addr:housename": "升华学生公寓17栋",
        "addr:postcode": "410012",
        "addr:province": "湖南省",
        "addr:street": "清水路",
        "building": "apartments",
        "building:levels": "4",
        "internet_access": "yes",
        "internet_access:fee": "yes",
        "level": "5",
        "name": "升华学生公寓17栋",
        "operator": "中南大学",
        "smoking": "outside",
        "osm_id": "way/381465672",
        "layer": "building",
        "graph_node_id": "B031",
        "render_height_m": 12.0,
        "height_source": "OSM levels × 3 m"
      }
    },
    {
      "type": "Feature",
      "geometry": {
        "type": "Polygon",
        "coordinates": [
          [
            [
              112.9282397,
              28.1654238
            ],
            [
              112.9282696,
              28.1652652
            ],
            [
              112.9275568,
              28.1651606
            ],
            [
              112.9275268,
              28.1653194
            ],
            [
              112.9282397,
              28.1654238
            ]
          ]
        ]
      },
      "properties": {
        "building": "apartments",
        "building:levels": "7",
        "height": "22.43",
        "name": "留学生公寓2栋",
        "osm_id": "way/381465673",
        "layer": "building",
        "graph_node_id": "B032",
        "render_height_m": 22.43,
        "height_source": "OSM height"
      }
    },
    {
      "type": "Feature",
      "geometry": {
        "type": "Polygon",
        "coordinates": [
          [
            [
              112.9316829,
              28.1600319
            ],
            [
              112.9322172,
              28.1600312
            ],
            [
              112.9322169,
              28.1598656
            ],
            [
              112.9316826,
              28.1598663
            ],
            [
              112.9316829,
              28.1600319
            ]
          ]
        ]
      },
      "properties": {
        "addr:housename": "升华学生公寓 2 栋",
        "addr:postcode": "410012",
        "building": "apartments",
        "int_name": "Block 2 of Shenghua Students' Apartments",
        "name": "升华学生公寓 2 栋",
        "osm_id": "way/381465674",
        "layer": "building",
        "graph_node_id": "B033",
        "render_height_m": 12,
        "height_source": "示意高度 12 m"
      }
    },
    {
      "type": "Feature",
      "geometry": {
        "type": "Polygon",
        "coordinates": [
          [
            [
              112.9296758,
              28.1640344
            ],
            [
              112.9296764,
              28.1638717
            ],
            [
              112.9289663,
              28.1638696
            ],
            [
              112.9289657,
              28.1640324
            ],
            [
              112.9296758,
              28.1640344
            ]
          ]
        ]
      },
      "properties": {
        "building": "apartments",
        "building:levels": "7",
        "height": "22.43",
        "name": "升华学生公寓 31 栋",
        "osm_id": "way/381465675",
        "layer": "building",
        "graph_node_id": "B034",
        "render_height_m": 22.43,
        "height_source": "OSM height"
      }
    },
    {
      "type": "Feature",
      "geometry": {
        "type": "Polygon",
        "coordinates": [
          [
            [
              112.9306828,
              28.1614583
            ],
            [
              112.9306826,
              28.1614852
            ],
            [
              112.9308725,
              28.1614866
            ],
            [
              112.9308736,
              28.1613734
            ],
            [
              112.9307842,
              28.1613727
            ],
            [
              112.9307849,
              28.1613003
            ],
            [
              112.930658,
              28.1612994
            ],
            [
              112.9306575,
              28.1613556
            ],
            [
              112.930586,
              28.1613551
            ],
            [
              112.930585,
              28.1614575
            ],
            [
              112.9306828,
              28.1614583
            ]
          ]
        ]
      },
      "properties": {
        "addr:housename": "升华学生公寓18栋",
        "building": "apartments",
        "building:levels": "7",
        "name": "升华学生公寓 18 栋",
        "roof:levels": "0",
        "osm_id": "way/381465676",
        "layer": "building",
        "graph_node_id": "B035",
        "render_height_m": 21.0,
        "height_source": "OSM levels × 3 m"
      }
    },
    {
      "type": "Feature",
      "geometry": {
        "type": "Polygon",
        "coordinates": [
          [
            [
              112.931752,
              28.1608489
            ],
            [
              112.9317518,
              28.160866
            ],
            [
              112.9319343,
              28.1608677
            ],
            [
              112.9319356,
              28.1607589
            ],
            [
              112.931853,
              28.1607581
            ],
            [
              112.9318539,
              28.1606856
            ],
            [
              112.9317215,
              28.1606844
            ],
            [
              112.9317209,
              28.1607405
            ],
            [
              112.9316493,
              28.1607399
            ],
            [
              112.931648,
              28.160848
            ],
            [
              112.931752,
              28.1608489
            ]
          ]
        ]
      },
      "properties": {
        "building": "apartments",
        "name": "升华学生公寓 9 栋",
        "osm_id": "way/381465677",
        "layer": "building",
        "graph_node_id": "B036",
        "render_height_m": 12,
        "height_source": "示意高度 12 m"
      }
    },
    {
      "type": "Feature",
      "geometry": {
        "type": "Polygon",
        "coordinates": [
          [
            [
              112.928652,
              28.162449
            ],
            [
              112.9288326,
              28.1625137
            ],
            [
              112.9291536,
              28.1626175
            ],
            [
              112.9292328,
              28.1624624
            ],
            [
              112.9286772,
              28.1622695
            ],
            [
              112.9282609,
              28.1622505
            ],
            [
              112.9282437,
              28.1624189
            ],
            [
              112.928652,
              28.162449
            ]
          ]
        ]
      },
      "properties": {
        "addr:housename": "升华学生公寓 16 栋",
        "addr:postcode": "410012",
        "building": "dormitory",
        "int_name": "Block 16 of Shenghua Students' Apartments",
        "name": "升华学生公寓 16 栋",
        "osm_id": "way/381465678",
        "layer": "building",
        "graph_node_id": "B037",
        "render_height_m": 12,
        "height_source": "示意高度 12 m"
      }
    },
    {
      "type": "Feature",
      "geometry": {
        "type": "Polygon",
        "coordinates": [
          [
            [
              112.9296394,
              28.1636926
            ],
            [
              112.9296404,
              28.1635341
            ],
            [
              112.929079,
              28.1635314
            ],
            [
              112.929078,
              28.1636901
            ],
            [
              112.9296394,
              28.1636926
            ]
          ]
        ]
      },
      "properties": {
        "addr:housename": "升华学生公寓 30 栋",
        "addr:postcode": "410012",
        "building": "apartments",
        "int_name": "Block 30 of Shenghua Students' Apartments",
        "name": "升华学生公寓 30 栋",
        "osm_id": "way/381465679",
        "layer": "building",
        "graph_node_id": "B038",
        "render_height_m": 12,
        "height_source": "示意高度 12 m"
      }
    },
    {
      "type": "Feature",
      "geometry": {
        "type": "Polygon",
        "coordinates": [
          [
            [
              112.9283849,
              28.1628539
            ],
            [
              112.928745,
              28.1629027
            ],
            [
              112.9287754,
              28.162746
            ],
            [
              112.9280449,
              28.1626357
            ],
            [
              112.9280145,
              28.1627924
            ],
            [
              112.9283849,
              28.1628539
            ]
          ]
        ]
      },
      "properties": {
        "addr:housename": "升华学生公寓 27 栋",
        "addr:postcode": "410012",
        "building": "apartments",
        "int_name": "Block 27 of Shenghua Students' Apartments",
        "name": "升华学生公寓 27 栋",
        "osm_id": "way/381465681",
        "layer": "building",
        "graph_node_id": "B039",
        "render_height_m": 12,
        "height_source": "示意高度 12 m"
      }
    },
    {
      "type": "Feature",
      "geometry": {
        "type": "Polygon",
        "coordinates": [
          [
            [
              112.9307653,
              28.1608049
            ],
            [
              112.930765,
              28.1608319
            ],
            [
              112.9309585,
              28.1608333
            ],
            [
              112.9309596,
              28.1607169
            ],
            [
              112.9308702,
              28.1607162
            ],
            [
              112.930871,
              28.1606439
            ],
            [
              112.9307405,
              28.1606429
            ],
            [
              112.9307399,
              28.1606991
            ],
            [
              112.9306685,
              28.1606986
            ],
            [
              112.9306674,
              28.1608042
            ],
            [
              112.9307653,
              28.1608049
            ]
          ]
        ]
      },
      "properties": {
        "building": "apartments",
        "name": "升华学生公寓 10 栋",
        "osm_id": "way/381465682",
        "layer": "building",
        "graph_node_id": "B040",
        "render_height_m": 12,
        "height_source": "示意高度 12 m"
      }
    },
    {
      "type": "Feature",
      "geometry": {
        "type": "Polygon",
        "coordinates": [
          [
            [
              112.9304728,
              28.1629905
            ],
            [
              112.9304759,
              28.1628294
            ],
            [
              112.9299207,
              28.1628211
            ],
            [
              112.9299176,
              28.1629824
            ],
            [
              112.9304728,
              28.1629905
            ]
          ]
        ]
      },
      "properties": {
        "addr:housename": "升华学生公寓 25 栋",
        "addr:postcode": "410012",
        "building": "apartments",
        "int_name": "Block 25 of Shenghua Students' Apartments",
        "name": "升华学生公寓 25 栋",
        "osm_id": "way/381465683",
        "layer": "building",
        "graph_node_id": "B041",
        "render_height_m": 12,
        "height_source": "示意高度 12 m"
      }
    },
    {
      "type": "Feature",
      "geometry": {
        "type": "Polygon",
        "coordinates": [
          [
            [
              112.9359363,
              28.1524912
            ],
            [
              112.9359829,
              28.1524913
            ],
            [
              112.935983,
              28.15246
            ],
            [
              112.9359862,
              28.1523177
            ],
            [
              112.9362848,
              28.1523246
            ],
            [
              112.936278,
              28.152461
            ],
            [
              112.9362778,
              28.1524934
            ],
            [
              112.9363213,
              28.1524936
            ],
            [
              112.9363287,
              28.1522457
            ],
            [
              112.9371535,
              28.1522611
            ],
            [
              112.9371529,
              28.1522852
            ],
            [
              112.937386,
              28.1522908
            ],
            [
              112.9373874,
              28.1522597
            ],
            [
              112.9373372,
              28.1522577
            ],
            [
              112.9373346,
              28.1522045
            ],
            [
              112.9373313,
              28.1521507
            ],
            [
              112.9373125,
              28.1520722
            ],
            [
              112.9372817,
              28.1519913
            ],
            [
              112.9372462,
              28.1519114
            ],
            [
              112.9371789,
              28.151823
            ],
            [
              112.9372886,
              28.1517606
            ],
            [
              112.9372236,
              28.1516902
            ],
            [
              112.9371505,
              28.1516199
            ],
            [
              112.937069,
              28.1517089
            ],
            [
              112.936994,
              28.1516633
            ],
            [
              112.9369081,
              28.1516185
            ],
            [
              112.9368302,
              28.1515837
            ],
            [
              112.9367225,
              28.1515488
            ],
            [
              112.9366003,
              28.1515302
            ],
            [
              112.9364104,
              28.1515274
            ],
            [
              112.9364114,
              28.1514119
            ],
            [
              112.9358753,
              28.1514196
            ],
            [
              112.9358736,
              28.1515221
            ],
            [
              112.9356537,
              28.1515264
            ],
            [
              112.9355811,
              28.1515297
            ],
            [
              112.9355299,
              28.1515379
            ],
            [
              112.9354924,
              28.1515486
            ],
            [
              112.9354596,
              28.1514466
            ],
            [
              112.935405,
              28.1514586
            ],
            [
              112.9353457,
              28.151483
            ],
            [
              112.9354081,
              28.1515808
            ],
            [
              112.9353427,
              28.1516086
            ],
            [
              112.9352855,
              28.1516506
            ],
            [
              112.9352353,
              28.1516936
            ],
            [
              112.9351898,
              28.1517504
            ],
            [
              112.9351513,
              28.1518125
            ],
            [
              112.9351244,
              28.1518778
            ],
            [
              112.9351114,
              28.1519689
            ],
            [
              112.9349716,
              28.1519654
            ],
            [
              112.934971,
              28.1520273
            ],
            [
              112.9349824,
              28.1520272
            ],
            [
              112.9359438,
              28.1520203
            ],
            [
              112.9359431,
              28.1521618
            ],
            [
              112.9359082,
              28.1521635
            ],
            [
              112.9359075,
              28.1522369
            ],
            [
              112.9359439,
              28.1522381
            ],
            [
              112.935944,
              28.152294
            ],
            [
              112.9359363,
              28.1524912
            ]
          ]
        ]
      },
      "properties": {
        "addr:housename": "D座",
        "building": "university",
        "building:levels": "4",
        "height": "12",
        "layer": "building",
        "name": "D座",
        "roof:levels": "0",
        "osm_id": "way/381902395",
        "graph_node_id": "B042",
        "render_height_m": 12.0,
        "height_source": "OSM height"
      }
    },
    {
      "type": "Feature",
      "geometry": {
        "type": "Polygon",
        "coordinates": [
          [
            [
              112.9343325,
              28.1538181
            ],
            [
              112.9343324,
              28.1538278
            ],
            [
              112.9346049,
              28.1538298
            ],
            [
              112.934605,
              28.1538175
            ],
            [
              112.9348813,
              28.1538195
            ],
            [
              112.9348878,
              28.153143
            ],
            [
              112.9341619,
              28.1531376
            ],
            [
              112.9341594,
              28.1533921
            ],
            [
              112.9343391,
              28.1533935
            ],
            [
              112.9343395,
              28.1533461
            ],
            [
              112.9344449,
              28.1533469
            ],
            [
              112.9344453,
              28.153307
            ],
            [
              112.9346041,
              28.1533081
            ],
            [
              112.9346034,
              28.1533913
            ],
            [
              112.9347468,
              28.1533924
            ],
            [
              112.9347465,
              28.1534251
            ],
            [
              112.9346654,
              28.1534245
            ],
            [
              112.934665,
              28.1534657
            ],
            [
              112.9347061,
              28.153466
            ],
            [
              112.9347045,
              28.1536261
            ],
            [
              112.9343429,
              28.1536234
            ],
            [
              112.9343447,
              28.1534346
            ],
            [
              112.9341599,
              28.1534333
            ],
            [
              112.9341562,
              28.1538168
            ],
            [
              112.9343325,
              28.1538181
            ]
          ]
        ]
      },
      "properties": {
        "building": "university",
        "building:levels": "4",
        "height": "12",
        "name": "综合实验楼",
        "osm_id": "way/381902397",
        "layer": "building",
        "graph_node_id": "B043",
        "render_height_m": 12.0,
        "height_source": "OSM height"
      }
    },
    {
      "type": "Feature",
      "geometry": {
        "type": "Polygon",
        "coordinates": [
          [
            [
              112.9353883,
              28.1508423
            ],
            [
              112.9353842,
              28.1507384
            ],
            [
              112.9353294,
              28.1507399
            ],
            [
              112.9349679,
              28.1508829
            ],
            [
              112.9348616,
              28.1506108
            ],
            [
              112.9353194,
              28.1505967
            ],
            [
              112.9353791,
              28.1505951
            ],
            [
              112.9353714,
              28.150449
            ],
            [
              112.9353178,
              28.1504505
            ],
            [
              112.9349204,
              28.1504578
            ],
            [
              112.934911,
              28.1502643
            ],
            [
              112.9353112,
              28.1502575
            ],
            [
              112.9353647,
              28.1502561
            ],
            [
              112.9353594,
              28.1501203
            ],
            [
              112.9352991,
              28.1501218
            ],
            [
              112.9348558,
              28.1501239
            ],
            [
              112.9348465,
              28.1499496
            ],
            [
              112.9352937,
              28.1499352
            ],
            [
              112.9353536,
              28.1499338
            ],
            [
              112.9353454,
              28.1497091
            ],
            [
              112.9351706,
              28.1497099
            ],
            [
              112.9351704,
              28.1497463
            ],
            [
              112.9350044,
              28.149748
            ],
            [
              112.9350047,
              28.1497186
            ],
            [
              112.9348322,
              28.1497207
            ],
            [
              112.9348339,
              28.1497759
            ],
            [
              112.9346685,
              28.1497805
            ],
            [
              112.9346676,
              28.1497274
            ],
            [
              112.9344874,
              28.1497312
            ],
            [
              112.9344886,
              28.1497602
            ],
            [
              112.9343219,
              28.1497614
            ],
            [
              112.9343216,
              28.1497314
            ],
            [
              112.9341479,
              28.1497304
            ],
            [
              112.9341569,
              28.1499562
            ],
            [
              112.9343333,
              28.1499556
            ],
            [
              112.9343262,
              28.1498619
            ],
            [
              112.9344331,
              28.1498616
            ],
            [
              112.9344587,
              28.1499533
            ],
            [
              112.9348,
              28.1499494
            ],
            [
              112.9348084,
              28.1501261
            ],
            [
              112.9345068,
              28.1501328
            ],
            [
              112.9345545,
              28.1502733
            ],
            [
              112.9347929,
              28.150275
            ],
            [
              112.9347955,
              28.1503279
            ],
            [
              112.9347672,
              28.1503271
            ],
            [
              112.9347686,
              28.150398
            ],
            [
              112.9348004,
              28.1503985
            ],
            [
              112.9348026,
              28.1504622
            ],
            [
              112.9345603,
              28.1504676
            ],
            [
              112.9345625,
              28.1505176
            ],
            [
              112.9346199,
              28.1505154
            ],
            [
              112.9346446,
              28.1506148
            ],
            [
              112.9348044,
              28.1506113
            ],
            [
              112.9349206,
              28.1509004
            ],
            [
              112.9347386,
              28.150961
            ],
            [
              112.9347846,
              28.1510713
            ],
            [
              112.9353883,
              28.1508423
            ]
          ]
        ]
      },
      "properties": {
        "building": "university",
        "name": "机电工程学院",
        "osm_id": "way/381902403",
        "layer": "building",
        "graph_node_id": "B044",
        "render_height_m": 12,
        "height_source": "示意高度 12 m"
      }
    },
    {
      "type": "Feature",
      "geometry": {
        "type": "Polygon",
        "coordinates": [
          [
            [
              112.9310324,
              28.1644095
            ],
            [
              112.931452,
              28.1644399
            ],
            [
              112.9314493,
              28.1644681
            ],
            [
              112.9315791,
              28.1644775
            ],
            [
              112.9315813,
              28.1644548
            ],
            [
              112.9320056,
              28.1644861
            ],
            [
              112.9320102,
              28.1644386
            ],
            [
              112.9320634,
              28.1644425
            ],
            [
              112.9320746,
              28.1643255
            ],
            [
              112.931591,
              28.1642895
            ],
            [
              112.9316056,
              28.1641376
            ],
            [
              112.9317271,
              28.1641467
            ],
            [
              112.9317417,
              28.1639942
            ],
            [
              112.9314136,
              28.1639697
            ],
            [
              112.9313995,
              28.1641169
            ],
            [
              112.9315366,
              28.1641271
            ],
            [
              112.9315301,
              28.164195
            ],
            [
              112.931503,
              28.164193
            ],
            [
              112.931498,
              28.1642461
            ],
            [
              112.9314815,
              28.1642449
            ],
            [
              112.9314788,
              28.1642743
            ],
            [
              112.9310046,
              28.1642401
            ],
            [
              112.9309943,
              28.1643512
            ],
            [
              112.9310375,
              28.1643544
            ],
            [
              112.9310324,
              28.1644095
            ]
          ]
        ]
      },
      "properties": {
        "addr:housename": "第一教学楼",
        "building": "university",
        "name": "第一教学楼",
        "osm_id": "way/382786877",
        "layer": "building",
        "graph_node_id": "B045",
        "render_height_m": 12,
        "height_source": "示意高度 12 m"
      }
    },
    {
      "type": "Feature",
      "geometry": {
        "type": "Polygon",
        "coordinates": [
          [
            [
              112.9338154,
              28.1536203
            ],
            [
              112.9338158,
              28.153547
            ],
            [
              112.9337043,
              28.1535466
            ],
            [
              112.933704,
              28.1536013
            ],
            [
              112.9336182,
              28.153601
            ],
            [
              112.9336179,
              28.1536608
            ],
            [
              112.9336638,
              28.1536609
            ],
            [
              112.9336634,
              28.1537385
            ],
            [
              112.9327894,
              28.1537355
            ],
            [
              112.9327901,
              28.153574
            ],
            [
              112.9329911,
              28.1535747
            ],
            [
              112.9329916,
              28.1534708
            ],
            [
              112.9336943,
              28.1534732
            ],
            [
              112.933694,
              28.1535371
            ],
            [
              112.933828,
              28.1535375
            ],
            [
              112.9338286,
              28.1534085
            ],
            [
              112.9338675,
              28.1534087
            ],
            [
              112.9338677,
              28.1533727
            ],
            [
              112.9338293,
              28.1533726
            ],
            [
              112.9338298,
              28.1532893
            ],
            [
              112.9326714,
              28.1532848
            ],
            [
              112.9326683,
              28.1539009
            ],
            [
              112.9327387,
              28.1539012
            ],
            [
              112.9327386,
              28.1539213
            ],
            [
              112.9331552,
              28.1539229
            ],
            [
              112.9331553,
              28.1539016
            ],
            [
              112.9334179,
              28.1539026
            ],
            [
              112.933814,
              28.1539042
            ],
            [
              112.9338154,
              28.1536203
            ]
          ]
        ]
      },
      "properties": {
        "addr:housename": "外语网络楼",
        "building": "university",
        "building:levels": "6",
        "height": "18",
        "layer": "building",
        "name": "外语网络楼",
        "osm_id": "way/382786879",
        "graph_node_id": "B046",
        "render_height_m": 18.0,
        "height_source": "OSM height"
      }
    },
    {
      "type": "Feature",
      "geometry": {
        "type": "Polygon",
        "coordinates": [
          [
            [
              112.9353305,
              28.1537174
            ],
            [
              112.9353583,
              28.1537174
            ],
            [
              112.9353583,
              28.1538819
            ],
            [
              112.9354249,
              28.1538819
            ],
            [
              112.9354248,
              28.1539292
            ],
            [
              112.9355003,
              28.1539292
            ],
            [
              112.9355002,
              28.1539687
            ],
            [
              112.9358669,
              28.1539689
            ],
            [
              112.9358669,
              28.1539956
            ],
            [
              112.9358976,
              28.1539956
            ],
            [
              112.9363555,
              28.1539959
            ],
            [
              112.9363555,
              28.1539789
            ],
            [
              112.936381,
              28.1539789
            ],
            [
              112.9367956,
              28.153979
            ],
            [
              112.9367956,
              28.1539427
            ],
            [
              112.9369105,
              28.1539428
            ],
            [
              112.9369105,
              28.1539137
            ],
            [
              112.937022,
              28.1539137
            ],
            [
              112.9370221,
              28.1537908
            ],
            [
              112.9370992,
              28.1537908
            ],
            [
              112.9370993,
              28.1536033
            ],
            [
              112.9368845,
              28.1536032
            ],
            [
              112.9368846,
              28.1534408
            ],
            [
              112.9368323,
              28.1534407
            ],
            [
              112.9368323,
              28.1534536
            ],
            [
              112.936835,
              28.1536022
            ],
            [
              112.9364664,
              28.1536021
            ],
            [
              112.9364664,
              28.153648
            ],
            [
              112.9364906,
              28.153648
            ],
            [
              112.9364906,
              28.153748
            ],
            [
              112.936414,
              28.1537479
            ],
            [
              112.9364139,
              28.1537712
            ],
            [
              112.9361692,
              28.1537711
            ],
            [
              112.9361692,
              28.1538277
            ],
            [
              112.9360787,
              28.1538276
            ],
            [
              112.9360787,
              28.1537653
            ],
            [
              112.9360674,
              28.1537653
            ],
            [
              112.9355102,
              28.153765
            ],
            [
              112.9355102,
              28.1536857
            ],
            [
              112.9355767,
              28.1536858
            ],
            [
              112.9355776,
              28.1535733
            ],
            [
              112.9355633,
              28.1535732
            ],
            [
              112.9355635,
              28.1535655
            ],
            [
              112.9355633,
              28.1534424
            ],
            [
              112.9355633,
              28.1534314
            ],
            [
              112.9355258,
              28.1534315
            ],
            [
              112.9355247,
              28.1535655
            ],
            [
              112.935331,
              28.1535649
            ],
            [
              112.9353305,
              28.1537174
            ]
          ]
        ]
      },
      "properties": {
        "addr:city": "长沙市",
        "addr:district": "岳麓区",
        "addr:housename": "A座",
        "addr:postcode": "410002",
        "addr:province": "湖南省",
        "addr:street": "靳江路",
        "building": "university",
        "building:levels": "4",
        "height": "12",
        "internet_access": "yes",
        "layer": "building",
        "name": "A座",
        "osm_id": "way/382786880",
        "graph_node_id": "B047",
        "render_height_m": 12.0,
        "height_source": "OSM height"
      }
    },
    {
      "type": "Feature",
      "geometry": {
        "type": "Polygon",
        "coordinates": [
          [
            [
              112.937128,
              28.1525792
            ],
            [
              112.9372744,
              28.1525796
            ],
            [
              112.9372745,
              28.1525511
            ],
            [
              112.9372346,
              28.152551
            ],
            [
              112.9372347,
              28.1525238
            ],
            [
              112.9371864,
              28.1525236
            ],
            [
              112.9371865,
              28.1525091
            ],
            [
              112.9371335,
              28.1525089
            ],
            [
              112.9371336,
              28.1524963
            ],
            [
              112.9363213,
              28.1524936
            ],
            [
              112.9362778,
              28.1524934
            ],
            [
              112.936278,
              28.152461
            ],
            [
              112.935983,
              28.15246
            ],
            [
              112.9359829,
              28.1524913
            ],
            [
              112.9359363,
              28.1524912
            ],
            [
              112.9351985,
              28.1524887
            ],
            [
              112.9351984,
              28.1525212
            ],
            [
              112.9350866,
              28.1525208
            ],
            [
              112.9350863,
              28.1525881
            ],
            [
              112.9351962,
              28.1525885
            ],
            [
              112.9351961,
              28.1526129
            ],
            [
              112.9359253,
              28.1526242
            ],
            [
              112.9359619,
              28.1526238
            ],
            [
              112.9362924,
              28.1526292
            ],
            [
              112.9363362,
              28.1526276
            ],
            [
              112.9371278,
              28.1526429
            ],
            [
              112.937128,
              28.1525792
            ]
          ]
        ]
      },
      "properties": {
        "addr:housename": "C座",
        "building": "university",
        "building:levels": "6",
        "height": "18",
        "layer": "building",
        "name": "C座",
        "osm_id": "way/382796818",
        "graph_node_id": "B048",
        "render_height_m": 18.0,
        "height_source": "OSM height"
      }
    },
    {
      "type": "Feature",
      "geometry": {
        "type": "Polygon",
        "coordinates": [
          [
            [
              112.9298118,
              28.1642106
            ],
            [
              112.9298087,
              28.1642391
            ],
            [
              112.9302706,
              28.1642782
            ],
            [
              112.9302725,
              28.1642607
            ],
            [
              112.9303095,
              28.1642638
            ],
            [
              112.930332,
              28.164057
            ],
            [
              112.9298054,
              28.1640125
            ],
            [
              112.9297841,
              28.1642083
            ],
            [
              112.9298118,
              28.1642106
            ]
          ]
        ]
      },
      "properties": {
        "building": "university",
        "building:levels": "4",
        "description": "起始点",
        "level": "4",
        "name": "第三教学楼",
        "osm_id": "way/382796820",
        "layer": "building",
        "graph_node_id": "B049",
        "render_height_m": 12.0,
        "height_source": "OSM levels × 3 m"
      }
    },
    {
      "type": "Feature",
      "geometry": {
        "type": "Polygon",
        "coordinates": [
          [
            [
              112.9352505,
              28.1533473
            ],
            [
              112.935359,
              28.1533473
            ],
            [
              112.935359,
              28.1534315
            ],
            [
              112.9355258,
              28.1534315
            ],
            [
              112.9355633,
              28.1534314
            ],
            [
              112.9355633,
              28.1534424
            ],
            [
              112.9357191,
              28.1534424
            ],
            [
              112.9357191,
              28.1534112
            ],
            [
              112.9357434,
              28.1534112
            ],
            [
              112.9357434,
              28.153435
            ],
            [
              112.9359102,
              28.1534351
            ],
            [
              112.9359102,
              28.1533794
            ],
            [
              112.9359476,
              28.1533794
            ],
            [
              112.9359476,
              28.1534158
            ],
            [
              112.9360355,
              28.1534158
            ],
            [
              112.9360355,
              28.1533056
            ],
            [
              112.9360851,
              28.1533056
            ],
            [
              112.9360851,
              28.1533467
            ],
            [
              112.9361573,
              28.1533467
            ],
            [
              112.9361573,
              28.1533074
            ],
            [
              112.9361947,
              28.1533074
            ],
            [
              112.9361947,
              28.1534229
            ],
            [
              112.9362051,
              28.1534229
            ],
            [
              112.9362851,
              28.1534229
            ],
            [
              112.9362851,
              28.1533882
            ],
            [
              112.9363238,
              28.1533882
            ],
            [
              112.9363238,
              28.1534415
            ],
            [
              112.9364861,
              28.1534415
            ],
            [
              112.9364861,
              28.1534167
            ],
            [
              112.9365166,
              28.1534167
            ],
            [
              112.9365166,
              28.1534535
            ],
            [
              112.9368323,
              28.1534536
            ],
            [
              112.9368323,
              28.1534407
            ],
            [
              112.9368846,
              28.1534408
            ],
            [
              112.9371718,
              28.1534408
            ],
            [
              112.9371718,
              28.1534137
            ],
            [
              112.9372225,
              28.1534137
            ],
            [
              112.9372226,
              28.1532094
            ],
            [
              112.9371717,
              28.1532094
            ],
            [
              112.9371718,
              28.1531392
            ],
            [
              112.9372083,
              28.1531392
            ],
            [
              112.9372083,
              28.153118
            ],
            [
              112.9371938,
              28.153118
            ],
            [
              112.9371939,
              28.1530982
            ],
            [
              112.9371524,
              28.1530981
            ],
            [
              112.9371526,
              28.1530328
            ],
            [
              112.9363974,
              28.1530316
            ],
            [
              112.9363326,
              28.1530315
            ],
            [
              112.9362906,
              28.1530563
            ],
            [
              112.9362246,
              28.1530562
            ],
            [
              112.9362246,
              28.1530883
            ],
            [
              112.9360094,
              28.1530881
            ],
            [
              112.9360094,
              28.1530591
            ],
            [
              112.935963,
              28.1530591
            ],
            [
              112.9359214,
              28.1530121
            ],
            [
              112.9353478,
              28.1530123
            ],
            [
              112.9353478,
              28.1530739
            ],
            [
              112.935257,
              28.1530739
            ],
            [
              112.935257,
              28.1531314
            ],
            [
              112.9352871,
              28.1531314
            ],
            [
              112.9352872,
              28.1531866
            ],
            [
              112.9352504,
              28.1531866
            ],
            [
              112.9352505,
              28.1533473
            ]
          ]
        ]
      },
      "properties": {
        "addr:housename": "B座",
        "building": "university",
        "building:levels": "6",
        "height": "18",
        "layer": "building",
        "name": "B座",
        "osm_id": "way/382796822",
        "graph_node_id": "B050",
        "render_height_m": 18.0,
        "height_source": "OSM height"
      }
    },
    {
      "type": "Feature",
      "geometry": {
        "type": "Polygon",
        "coordinates": [
          [
            [
              112.932286,
              28.1659279
            ],
            [
              112.9323084,
              28.1657927
            ],
            [
              112.931947,
              28.1657462
            ],
            [
              112.9319246,
              28.1658814
            ],
            [
              112.932286,
              28.1659279
            ]
          ]
        ]
      },
      "properties": {
        "building": "university",
        "name": "中南大学社会主义学院",
        "name_1": "中南大学党建研究所",
        "osm_id": "way/382863480",
        "layer": "building",
        "graph_node_id": "B051",
        "render_height_m": 12,
        "height_source": "示意高度 12 m"
      }
    },
    {
      "type": "Feature",
      "geometry": {
        "type": "Polygon",
        "coordinates": [
          [
            [
              112.9326804,
              28.1664957
            ],
            [
              112.9326937,
              28.1663937
            ],
            [
              112.9325549,
              28.1663797
            ],
            [
              112.9325645,
              28.1663062
            ],
            [
              112.9322647,
              28.1662758
            ],
            [
              112.9322686,
              28.1662432
            ],
            [
              112.9321356,
              28.1662319
            ],
            [
              112.9321287,
              28.1662625
            ],
            [
              112.9318033,
              28.1662289
            ],
            [
              112.931794,
              28.1663003
            ],
            [
              112.9316718,
              28.1662879
            ],
            [
              112.9316582,
              28.1663923
            ],
            [
              112.9326804,
              28.1664957
            ]
          ]
        ]
      },
      "properties": {
        "building": "university",
        "name": "第二教学楼",
        "osm_id": "way/382863566",
        "layer": "building",
        "graph_node_id": "B052",
        "render_height_m": 12,
        "height_source": "示意高度 12 m"
      }
    },
    {
      "type": "Feature",
      "geometry": {
        "type": "Polygon",
        "coordinates": [
          [
            [
              112.9409648,
              28.1500172
            ],
            [
              112.9409325,
              28.1500058
            ],
            [
              112.9409052,
              28.1500661
            ],
            [
              112.9409368,
              28.1500772
            ],
            [
              112.940884,
              28.1501938
            ],
            [
              112.9404875,
              28.1500542
            ],
            [
              112.9403983,
              28.1500228
            ],
            [
              112.9403328,
              28.1499998
            ],
            [
              112.9402553,
              28.1501708
            ],
            [
              112.9403151,
              28.1501919
            ],
            [
              112.9405454,
              28.150273
            ],
            [
              112.9407995,
              28.1503624
            ],
            [
              112.9407572,
              28.1504558
            ],
            [
              112.9407178,
              28.1504419
            ],
            [
              112.9406765,
              28.150533
            ],
            [
              112.940711,
              28.1505451
            ],
            [
              112.9406795,
              28.1506145
            ],
            [
              112.9402891,
              28.1504768
            ],
            [
              112.9401953,
              28.1504437
            ],
            [
              112.9401312,
              28.1504211
            ],
            [
              112.9400496,
              28.150601
            ],
            [
              112.9402649,
              28.150677
            ],
            [
              112.9402549,
              28.1506989
            ],
            [
              112.940606,
              28.1508229
            ],
            [
              112.9406137,
              28.150806
            ],
            [
              112.9407081,
              28.1508393
            ],
            [
              112.9407893,
              28.1506609
            ],
            [
              112.9407126,
              28.1506338
            ],
            [
              112.9407513,
              28.1505486
            ],
            [
              112.9408335,
              28.1505776
            ],
            [
              112.9408567,
              28.1505265
            ],
            [
              112.9409341,
              28.1505539
            ],
            [
              112.9410227,
              28.1503591
            ],
            [
              112.9409179,
              28.150322
            ],
            [
              112.940934,
              28.1502865
            ],
            [
              112.9409525,
              28.1502931
            ],
            [
              112.9410617,
              28.1500526
            ],
            [
              112.9409964,
              28.1500296
            ],
            [
              112.9410342,
              28.1499436
            ],
            [
              112.9410022,
              28.1499324
            ],
            [
              112.9409648,
              28.1500172
            ]
          ]
        ]
      },
      "properties": {
        "building": "university",
        "name": "物理学院",
        "osm_id": "way/382863581",
        "layer": "building",
        "graph_node_id": "B053",
        "render_height_m": 12,
        "height_source": "示意高度 12 m"
      }
    },
    {
      "type": "Feature",
      "geometry": {
        "type": "Polygon",
        "coordinates": [
          [
            [
              112.9330484,
              28.1628946
            ],
            [
              112.9330499,
              28.1628806
            ],
            [
              112.9330841,
              28.1628835
            ],
            [
              112.9330859,
              28.162867
            ],
            [
              112.9331512,
              28.1628725
            ],
            [
              112.9331494,
              28.1628893
            ],
            [
              112.9333395,
              28.1629053
            ],
            [
              112.9333413,
              28.162888
            ],
            [
              112.9333797,
              28.1628912
            ],
            [
              112.9333774,
              28.1629126
            ],
            [
              112.9335625,
              28.1629281
            ],
            [
              112.9335735,
              28.1628263
            ],
            [
              112.9335401,
              28.1628235
            ],
            [
              112.9335487,
              28.1627439
            ],
            [
              112.9330638,
              28.1627031
            ],
            [
              112.9330657,
              28.1626854
            ],
            [
              112.9329639,
              28.1626769
            ],
            [
              112.9329414,
              28.1628856
            ],
            [
              112.9330484,
              28.1628946
            ]
          ]
        ]
      },
      "properties": {
        "building": "apartments",
        "name": "南校区6舍",
        "osm_id": "way/382863582",
        "layer": "building",
        "graph_node_id": "B054",
        "render_height_m": 12,
        "height_source": "示意高度 12 m"
      }
    },
    {
      "type": "Feature",
      "geometry": {
        "type": "Polygon",
        "coordinates": [
          [
            [
              112.9411987,
              28.152556
            ],
            [
              112.9411918,
              28.1521421
            ],
            [
              112.9411373,
              28.1521428
            ],
            [
              112.9411363,
              28.1520792
            ],
            [
              112.9411764,
              28.1520787
            ],
            [
              112.9411749,
              28.1519942
            ],
            [
              112.9406129,
              28.1520016
            ],
            [
              112.9406515,
              28.1519033
            ],
            [
              112.9412051,
              28.1518976
            ],
            [
              112.9413443,
              28.1515971
            ],
            [
              112.9407309,
              28.1513761
            ],
            [
              112.9406555,
              28.1515389
            ],
            [
              112.9411103,
              28.1517028
            ],
            [
              112.9410954,
              28.1517351
            ],
            [
              112.9405657,
              28.1517406
            ],
            [
              112.9404219,
              28.1520868
            ],
            [
              112.9404669,
              28.1520871
            ],
            [
              112.9404665,
              28.1521437
            ],
            [
              112.9404369,
              28.1521435
            ],
            [
              112.9404219,
              28.1521776
            ],
            [
              112.9408103,
              28.15231
            ],
            [
              112.9408017,
              28.1524141
            ],
            [
              112.9411987,
              28.152556
            ]
          ]
        ]
      },
      "properties": {
        "addr:housename": "艺术楼",
        "building": "university",
        "name": "建筑与艺术学院",
        "osm_id": "way/382863583",
        "layer": "building",
        "graph_node_id": "B055",
        "render_height_m": 12,
        "height_source": "示意高度 12 m"
      }
    },
    {
      "type": "Feature",
      "geometry": {
        "type": "Polygon",
        "coordinates": [
          [
            [
              112.9303421,
              28.1642831
            ],
            [
              112.9308899,
              28.164318
            ],
            [
              112.930895,
              28.1642558
            ],
            [
              112.9309307,
              28.1642581
            ],
            [
              112.9309352,
              28.1642035
            ],
            [
              112.9309016,
              28.1642013
            ],
            [
              112.9309053,
              28.1641569
            ],
            [
              112.9303554,
              28.1641219
            ],
            [
              112.9303421,
              28.1642831
            ]
          ]
        ]
      },
      "properties": {
        "addr:housename": "中南大学综合楼",
        "addr:postcode": "410012",
        "building": "university",
        "name": "综合楼",
        "osm_id": "way/382863592",
        "layer": "building",
        "graph_node_id": "B056",
        "render_height_m": 12,
        "height_source": "示意高度 12 m"
      }
    },
    {
      "type": "Feature",
      "geometry": {
        "type": "Polygon",
        "coordinates": [
          [
            [
              112.9322433,
              28.166719
            ],
            [
              112.9317177,
              28.1666679
            ],
            [
              112.931723,
              28.1666255
            ],
            [
              112.9316523,
              28.1666186
            ],
            [
              112.931646,
              28.1666688
            ],
            [
              112.9316181,
              28.1666661
            ],
            [
              112.9315931,
              28.1668667
            ],
            [
              112.9316131,
              28.1668686
            ],
            [
              112.9316052,
              28.1669322
            ],
            [
              112.9316986,
              28.1669413
            ],
            [
              112.9317051,
              28.1668887
            ],
            [
              112.9322158,
              28.1669383
            ],
            [
              112.9322433,
              28.166719
            ]
          ]
        ]
      },
      "properties": {
        "building": "university",
        "name": "南校礼堂",
        "osm_id": "way/382863602",
        "layer": "building",
        "graph_node_id": "B057",
        "render_height_m": 12,
        "height_source": "示意高度 12 m"
      }
    },
    {
      "type": "Feature",
      "geometry": {
        "type": "Polygon",
        "coordinates": [
          [
            [
              112.9272777,
              28.1542422
            ],
            [
              112.927286,
              28.1545074
            ],
            [
              112.9273221,
              28.1545066
            ],
            [
              112.927326,
              28.1546326
            ],
            [
              112.9289213,
              28.1545937
            ],
            [
              112.9289066,
              28.1541265
            ],
            [
              112.9273859,
              28.1541635
            ],
            [
              112.9273883,
              28.1542395
            ],
            [
              112.9272777,
              28.1542422
            ]
          ]
        ]
      },
      "properties": {
        "building": "manufacture",
        "name": "轻合金研究院",
        "osm_id": "way/382863604",
        "layer": "building",
        "graph_node_id": "B058",
        "render_height_m": 12,
        "height_source": "示意高度 12 m"
      }
    },
    {
      "type": "Feature",
      "geometry": {
        "type": "Polygon",
        "coordinates": [
          [
            [
              112.9328614,
              28.163238
            ],
            [
              112.9330293,
              28.1632521
            ],
            [
              112.9330319,
              28.1632284
            ],
            [
              112.9331095,
              28.1632349
            ],
            [
              112.9331071,
              28.1632574
            ],
            [
              112.9333795,
              28.1632804
            ],
            [
              112.9333824,
              28.1632536
            ],
            [
              112.933431,
              28.1632577
            ],
            [
              112.9334281,
              28.1632842
            ],
            [
              112.9336073,
              28.1632994
            ],
            [
              112.9336258,
              28.1631301
            ],
            [
              112.9332135,
              28.1630952
            ],
            [
              112.9331885,
              28.1630715
            ],
            [
              112.9330716,
              28.1630623
            ],
            [
              112.9330519,
              28.1630767
            ],
            [
              112.9328804,
              28.1630623
            ],
            [
              112.9328614,
              28.163238
            ]
          ]
        ]
      },
      "properties": {
        "building": "apartments",
        "name": "南校区5舍",
        "osm_id": "way/382863608",
        "layer": "building",
        "graph_node_id": "B059",
        "render_height_m": 12,
        "height_source": "示意高度 12 m"
      }
    },
    {
      "type": "Feature",
      "geometry": {
        "type": "Polygon",
        "coordinates": [
          [
            [
              112.9328322,
              28.1627203
            ],
            [
              112.9328471,
              28.1625487
            ],
            [
              112.9324903,
              28.1625178
            ],
            [
              112.9324434,
              28.1625137
            ],
            [
              112.9323978,
              28.1625098
            ],
            [
              112.9323785,
              28.1626834
            ],
            [
              112.9328322,
              28.1627203
            ]
          ]
        ]
      },
      "properties": {
        "building": "apartments",
        "name": "升华学生公寓42栋",
        "osm_id": "way/382869894",
        "layer": "building",
        "graph_node_id": "B060",
        "render_height_m": 12,
        "height_source": "示意高度 12 m"
      }
    },
    {
      "type": "Feature",
      "geometry": {
        "type": "Polygon",
        "coordinates": [
          [
            [
              112.9324204,
              28.1630101
            ],
            [
              112.9324152,
              28.1630572
            ],
            [
              112.9327941,
              28.1630901
            ],
            [
              112.9328116,
              28.1629333
            ],
            [
              112.9323885,
              28.1628966
            ],
            [
              112.9323763,
              28.1630062
            ],
            [
              112.9324204,
              28.1630101
            ]
          ]
        ]
      },
      "properties": {
        "building": "apartments",
        "name": "南校区2舍",
        "osm_id": "way/382869895",
        "layer": "building",
        "graph_node_id": "B061",
        "render_height_m": 12,
        "height_source": "示意高度 12 m"
      }
    },
    {
      "type": "Feature",
      "geometry": {
        "type": "Polygon",
        "coordinates": [
          [
            [
              112.9323937,
              28.1633075
            ],
            [
              112.9323896,
              28.1633496
            ],
            [
              112.9327702,
              28.1633785
            ],
            [
              112.9327852,
              28.1632247
            ],
            [
              112.9323649,
              28.1631928
            ],
            [
              112.932354,
              28.1633045
            ],
            [
              112.9323937,
              28.1633075
            ]
          ]
        ]
      },
      "properties": {
        "building": "apartments",
        "name": "南校区1舍",
        "osm_id": "way/382869900",
        "layer": "building",
        "graph_node_id": "B062",
        "render_height_m": 12,
        "height_source": "示意高度 12 m"
      }
    },
    {
      "type": "Feature",
      "geometry": {
        "type": "Polygon",
        "coordinates": [
          [
            [
              112.941523,
              28.1515047
            ],
            [
              112.9415985,
              28.1513402
            ],
            [
              112.9410949,
              28.1511605
            ],
            [
              112.9412446,
              28.1508346
            ],
            [
              112.9416247,
              28.1509703
            ],
            [
              112.9416989,
              28.1508087
            ],
            [
              112.9414131,
              28.1507067
            ],
            [
              112.9414899,
              28.1505396
            ],
            [
              112.9413449,
              28.1504878
            ],
            [
              112.9413777,
              28.1504165
            ],
            [
              112.9417123,
              28.1505361
            ],
            [
              112.9417903,
              28.1503662
            ],
            [
              112.9412867,
              28.1501862
            ],
            [
              112.9412176,
              28.1503367
            ],
            [
              112.9413044,
              28.1503677
            ],
            [
              112.9409663,
              28.151104
            ],
            [
              112.9408352,
              28.1510572
            ],
            [
              112.9407555,
              28.1512308
            ],
            [
              112.941523,
              28.1515047
            ]
          ]
        ]
      },
      "properties": {
        "building": "university",
        "name": "化学化工学院",
        "osm_id": "way/382873097",
        "layer": "building",
        "graph_node_id": "B063",
        "render_height_m": 12,
        "height_source": "示意高度 12 m"
      }
    },
    {
      "type": "Feature",
      "geometry": {
        "type": "Polygon",
        "coordinates": [
          [
            [
              112.9287095,
              28.1539998
            ],
            [
              112.9287311,
              28.1539433
            ],
            [
              112.9288322,
              28.153965
            ],
            [
              112.9288819,
              28.1538073
            ],
            [
              112.9289736,
              28.1535163
            ],
            [
              112.9288827,
              28.1534899
            ],
            [
              112.929119,
              28.1527637
            ],
            [
              112.9289175,
              28.1527136
            ],
            [
              112.9288982,
              28.1527634
            ],
            [
              112.9285234,
              28.1526736
            ],
            [
              112.9281265,
              28.1538353
            ],
            [
              112.9287095,
              28.1539998
            ]
          ]
        ]
      },
      "properties": {
        "building": "yes",
        "osm_id": "way/382873103",
        "layer": "building",
        "graph_node_id": "B064",
        "render_height_m": 12,
        "height_source": "示意高度 12 m"
      }
    },
    {
      "type": "Feature",
      "geometry": {
        "type": "Polygon",
        "coordinates": [
          [
            [
              112.9311027,
              28.1510014
            ],
            [
              112.9311032,
              28.1510217
            ],
            [
              112.9314077,
              28.1510159
            ],
            [
              112.9314049,
              28.1509039
            ],
            [
              112.9313397,
              28.1509052
            ],
            [
              112.9313379,
              28.150833
            ],
            [
              112.9310986,
              28.1508376
            ],
            [
              112.9311027,
              28.1510014
            ]
          ]
        ]
      },
      "properties": {
        "building": "house",
        "name": "中南大学 保卫科",
        "osm_id": "way/382873118",
        "layer": "building",
        "graph_node_id": "B065",
        "render_height_m": 12,
        "height_source": "示意高度 12 m"
      }
    },
    {
      "type": "Feature",
      "geometry": {
        "type": "Polygon",
        "coordinates": [
          [
            [
              112.9317921,
              28.1685244
            ],
            [
              112.9318075,
              28.1683919
            ],
            [
              112.9314418,
              28.1683589
            ],
            [
              112.9314264,
              28.1684913
            ],
            [
              112.9317921,
              28.1685244
            ]
          ]
        ]
      },
      "properties": {
        "building": "residential",
        "name": "南校区1栋",
        "osm_id": "way/382877564",
        "layer": "building",
        "graph_node_id": "B066",
        "render_height_m": 12,
        "height_source": "示意高度 12 m"
      }
    },
    {
      "type": "Feature",
      "geometry": {
        "type": "Polygon",
        "coordinates": [
          [
            [
              112.931817,
              28.1682948
            ],
            [
              112.9318288,
              28.1681764
            ],
            [
              112.9314609,
              28.1681478
            ],
            [
              112.9314491,
              28.1682662
            ],
            [
              112.931817,
              28.1682948
            ]
          ]
        ]
      },
      "properties": {
        "addr:city": "长沙市",
        "addr:postcode": "410083",
        "building": "residential",
        "name": "南校区2栋",
        "osm_id": "way/382877829",
        "layer": "building",
        "graph_node_id": "B067",
        "render_height_m": 12,
        "height_source": "示意高度 12 m"
      }
    },
    {
      "type": "Feature",
      "geometry": {
        "type": "Polygon",
        "coordinates": [
          [
            [
              112.9323384,
              28.1685702
            ],
            [
              112.9323507,
              28.1684408
            ],
            [
              112.9319774,
              28.1684133
            ],
            [
              112.9319651,
              28.1685426
            ],
            [
              112.9323384,
              28.1685702
            ]
          ]
        ]
      },
      "properties": {
        "addr:city": "长沙市",
        "addr:postcode": "410083",
        "building": "residential",
        "name": "南校区4栋",
        "osm_id": "way/382877905",
        "layer": "building",
        "graph_node_id": "B068",
        "render_height_m": 12,
        "height_source": "示意高度 12 m"
      }
    },
    {
      "type": "Feature",
      "geometry": {
        "type": "Polygon",
        "coordinates": [
          [
            [
              112.9323606,
              28.1683411
            ],
            [
              112.9323723,
              28.1682209
            ],
            [
              112.9320014,
              28.1681928
            ],
            [
              112.9319897,
              28.1683129
            ],
            [
              112.9323606,
              28.1683411
            ]
          ]
        ]
      },
      "properties": {
        "addr:city": "长沙市",
        "addr:postcode": "410083",
        "building": "residential",
        "name": "南校区5栋",
        "osm_id": "way/382877921",
        "layer": "building",
        "graph_node_id": "B069",
        "render_height_m": 12,
        "height_source": "示意高度 12 m"
      }
    },
    {
      "type": "Feature",
      "geometry": {
        "type": "Polygon",
        "coordinates": [
          [
            [
              112.9318856,
              28.1680008
            ],
            [
              112.9319052,
              28.1678682
            ],
            [
              112.9314365,
              28.1678144
            ],
            [
              112.9314169,
              28.1679471
            ],
            [
              112.9318856,
              28.1680008
            ]
          ]
        ]
      },
      "properties": {
        "addr:city": "长沙市",
        "addr:postcode": "410083",
        "building": "residential",
        "name": "南校区28栋",
        "osm_id": "way/382878309",
        "layer": "building",
        "graph_node_id": "B070",
        "render_height_m": 12,
        "height_source": "示意高度 12 m"
      }
    },
    {
      "type": "Feature",
      "geometry": {
        "type": "Polygon",
        "coordinates": [
          [
            [
              112.9319815,
              28.1674304
            ],
            [
              112.9319939,
              28.1673326
            ],
            [
              112.9315086,
              28.1672848
            ],
            [
              112.9314962,
              28.1673826
            ],
            [
              112.9319815,
              28.1674304
            ]
          ]
        ]
      },
      "properties": {
        "addr:city": "长沙市",
        "addr:postcode": "410083",
        "building": "residential",
        "name": "南校区20栋",
        "osm_id": "way/382878450",
        "layer": "building",
        "graph_node_id": "B071",
        "render_height_m": 12,
        "height_source": "示意高度 12 m"
      }
    },
    {
      "type": "Feature",
      "geometry": {
        "type": "Polygon",
        "coordinates": [
          [
            [
              112.9323844,
              28.168125
            ],
            [
              112.9323944,
              28.1680319
            ],
            [
              112.9320565,
              28.1680035
            ],
            [
              112.9320465,
              28.1680967
            ],
            [
              112.9323844,
              28.168125
            ]
          ]
        ]
      },
      "properties": {
        "addr:city": "长沙市",
        "addr:postcode": "410083",
        "building": "residential",
        "name": "南校区6栋",
        "osm_id": "way/382878456",
        "layer": "building",
        "graph_node_id": "B072",
        "render_height_m": 12,
        "height_source": "示意高度 12 m"
      }
    },
    {
      "type": "Feature",
      "geometry": {
        "type": "Polygon",
        "coordinates": [
          [
            [
              112.9324192,
              28.1678349
            ],
            [
              112.9324298,
              28.1677434
            ],
            [
              112.9320908,
              28.1677128
            ],
            [
              112.9320802,
              28.1678043
            ],
            [
              112.9324192,
              28.1678349
            ]
          ]
        ]
      },
      "properties": {
        "addr:city": "长沙市",
        "addr:postcode": "410083",
        "building": "residential",
        "name": "南校区7栋",
        "osm_id": "way/382878495",
        "layer": "building",
        "graph_node_id": "B073",
        "render_height_m": 12,
        "height_source": "示意高度 12 m"
      }
    },
    {
      "type": "Feature",
      "geometry": {
        "type": "Polygon",
        "coordinates": [
          [
            [
              112.9325421,
              28.167492
            ],
            [
              112.9325552,
              28.1673908
            ],
            [
              112.9320711,
              28.1673424
            ],
            [
              112.9320581,
              28.1674437
            ],
            [
              112.9325421,
              28.167492
            ]
          ]
        ]
      },
      "properties": {
        "addr:city": "长沙市",
        "addr:postcode": "410083",
        "building": "residential",
        "name": "南校区21栋",
        "osm_id": "way/382878517",
        "layer": "building",
        "graph_node_id": "B074",
        "render_height_m": 12,
        "height_source": "示意高度 12 m"
      }
    },
    {
      "type": "Feature",
      "geometry": {
        "type": "Polygon",
        "coordinates": [
          [
            [
              112.9328506,
              28.167526
            ],
            [
              112.9328567,
              28.1674888
            ],
            [
              112.9329033,
              28.1674947
            ],
            [
              112.9329095,
              28.167457
            ],
            [
              112.9329543,
              28.1674627
            ],
            [
              112.9329704,
              28.1673641
            ],
            [
              112.932641,
              28.1673221
            ],
            [
              112.9326126,
              28.1674957
            ],
            [
              112.9328506,
              28.167526
            ]
          ]
        ]
      },
      "properties": {
        "addr:city": "长沙市",
        "addr:postcode": "410083",
        "building": "yes",
        "name": "云麓园社区公共服务中心",
        "osm_id": "way/382878553",
        "layer": "building",
        "graph_node_id": "B075",
        "render_height_m": 12,
        "height_source": "示意高度 12 m"
      }
    },
    {
      "type": "Feature",
      "geometry": {
        "type": "Polygon",
        "coordinates": [
          [
            [
              112.9328884,
              28.1677009
            ],
            [
              112.932904,
              28.1676155
            ],
            [
              112.9325626,
              28.1675671
            ],
            [
              112.932547,
              28.1676524
            ],
            [
              112.9328884,
              28.1677009
            ]
          ]
        ]
      },
      "properties": {
        "addr:city": "长沙市",
        "addr:postcode": "410083",
        "building": "residential",
        "name": "南校区10栋",
        "osm_id": "way/382878566",
        "layer": "building",
        "graph_node_id": "B076",
        "render_height_m": 12,
        "height_source": "示意高度 12 m"
      }
    },
    {
      "type": "Feature",
      "geometry": {
        "type": "Polygon",
        "coordinates": [
          [
            [
              112.9328654,
              28.1678709
            ],
            [
              112.9328802,
              28.1677781
            ],
            [
              112.9325364,
              28.1677356
            ],
            [
              112.9325216,
              28.1678284
            ],
            [
              112.9328654,
              28.1678709
            ]
          ]
        ]
      },
      "properties": {
        "addr:city": "长沙市",
        "addr:postcode": "410083",
        "building": "residential",
        "name": "南校区9栋",
        "osm_id": "way/382879004",
        "layer": "building",
        "graph_node_id": "B077",
        "render_height_m": 12,
        "height_source": "示意高度 12 m"
      }
    },
    {
      "type": "Feature",
      "geometry": {
        "type": "Polygon",
        "coordinates": [
          [
            [
              112.9331661,
              28.1672922
            ],
            [
              112.9331982,
              28.1670783
            ],
            [
              112.9328934,
              28.1670427
            ],
            [
              112.9328613,
              28.1672568
            ],
            [
              112.9331661,
              28.1672922
            ]
          ]
        ]
      },
      "properties": {
        "addr:city": "长沙市",
        "addr:postcode": "410083",
        "building": "yes",
        "name": "教工之家",
        "osm_id": "way/382879023",
        "layer": "building",
        "graph_node_id": "B078",
        "render_height_m": 12,
        "height_source": "示意高度 12 m"
      }
    },
    {
      "type": "Feature",
      "geometry": {
        "type": "Polygon",
        "coordinates": [
          [
            [
              112.9327355,
              28.1672322
            ],
            [
              112.9327454,
              28.1671619
            ],
            [
              112.9321844,
              28.1671005
            ],
            [
              112.9321745,
              28.167171
            ],
            [
              112.9327355,
              28.1672322
            ]
          ]
        ]
      },
      "properties": {
        "addr:city": "长沙市",
        "addr:postcode": "410083",
        "building": "residential",
        "name": "南校区15栋",
        "osm_id": "way/382879135",
        "layer": "building",
        "graph_node_id": "B079",
        "render_height_m": 12,
        "height_source": "示意高度 12 m"
      }
    },
    {
      "type": "Feature",
      "geometry": {
        "type": "Polygon",
        "coordinates": [
          [
            [
              112.932126,
              28.1671703
            ],
            [
              112.9321378,
              28.1670906
            ],
            [
              112.9315414,
              28.1670219
            ],
            [
              112.9315296,
              28.1671017
            ],
            [
              112.932126,
              28.1671703
            ]
          ]
        ]
      },
      "properties": {
        "addr:city": "长沙市",
        "addr:postcode": "410083",
        "building": "residential",
        "name": "南校区11栋",
        "osm_id": "way/382879147",
        "layer": "building",
        "graph_node_id": "B080",
        "render_height_m": 12,
        "height_source": "示意高度 12 m"
      }
    },
    {
      "type": "Feature",
      "geometry": {
        "type": "Polygon",
        "coordinates": [
          [
            [
              112.9310064,
              28.1508738
            ],
            [
              112.9310055,
              28.1508294
            ],
            [
              112.9307481,
              28.1508335
            ],
            [
              112.930749,
              28.1508779
            ],
            [
              112.9310064,
              28.1508738
            ]
          ]
        ]
      },
      "properties": {
        "building": "yes",
        "osm_id": "way/382988127",
        "layer": "building",
        "graph_node_id": "B081",
        "render_height_m": 12,
        "height_source": "示意高度 12 m"
      }
    },
    {
      "type": "Feature",
      "geometry": {
        "type": "Polygon",
        "coordinates": [
          [
            [
              112.9304967,
              28.1633926
            ],
            [
              112.9305002,
              28.1633624
            ],
            [
              112.930529,
              28.163365
            ],
            [
              112.9305356,
              28.163308
            ],
            [
              112.9301073,
              28.1632693
            ],
            [
              112.9301185,
              28.1631734
            ],
            [
              112.9300213,
              28.1631646
            ],
            [
              112.93,
              28.1633476
            ],
            [
              112.9304967,
              28.1633926
            ]
          ]
        ]
      },
      "properties": {
        "building": "university",
        "osm_id": "way/383028791",
        "layer": "building",
        "graph_node_id": "B082",
        "render_height_m": 12,
        "height_source": "示意高度 12 m"
      }
    },
    {
      "type": "Feature",
      "geometry": {
        "type": "Polygon",
        "coordinates": [
          [
            [
              112.9328734,
              28.1619345
            ],
            [
              112.932877,
              28.1619008
            ],
            [
              112.9329161,
              28.161904
            ],
            [
              112.932921,
              28.1618569
            ],
            [
              112.933138,
              28.1618746
            ],
            [
              112.9331467,
              28.1617909
            ],
            [
              112.9324569,
              28.1617349
            ],
            [
              112.9324397,
              28.1618993
            ],
            [
              112.9328734,
              28.1619345
            ]
          ]
        ]
      },
      "properties": {
        "building": "residential",
        "name": "南校区8舍",
        "osm_id": "way/383029265",
        "layer": "building",
        "graph_node_id": "B083",
        "render_height_m": 12,
        "height_source": "示意高度 12 m"
      }
    },
    {
      "type": "Feature",
      "geometry": {
        "type": "Polygon",
        "coordinates": [
          [
            [
              112.9332922,
              28.1666412
            ],
            [
              112.9332998,
              28.1665886
            ],
            [
              112.9333044,
              28.1665566
            ],
            [
              112.9329893,
              28.1665227
            ],
            [
              112.9329776,
              28.1666073
            ],
            [
              112.9332922,
              28.1666412
            ]
          ]
        ]
      },
      "properties": {
        "building": "residential",
        "name": "南校区14栋",
        "osm_id": "way/383029711",
        "layer": "building",
        "graph_node_id": "B084",
        "render_height_m": 12,
        "height_source": "示意高度 12 m"
      }
    },
    {
      "type": "Feature",
      "geometry": {
        "type": "Polygon",
        "coordinates": [
          [
            [
              112.9332634,
              28.1668274
            ],
            [
              112.9332768,
              28.1667409
            ],
            [
              112.9329562,
              28.1667022
            ],
            [
              112.9329428,
              28.1667888
            ],
            [
              112.9332634,
              28.1668274
            ]
          ]
        ]
      },
      "properties": {
        "building": "residential",
        "name": "南校区13栋",
        "osm_id": "way/383029729",
        "layer": "building",
        "graph_node_id": "B085",
        "render_height_m": 12,
        "height_source": "示意高度 12 m"
      }
    },
    {
      "type": "Feature",
      "geometry": {
        "type": "Polygon",
        "coordinates": [
          [
            [
              112.9332441,
              28.1670043
            ],
            [
              112.9332572,
              28.1669176
            ],
            [
              112.9329382,
              28.16688
            ],
            [
              112.9329251,
              28.1669667
            ],
            [
              112.9332441,
              28.1670043
            ]
          ]
        ]
      },
      "properties": {
        "building": "residential",
        "name": "南校区12栋",
        "osm_id": "way/383029774",
        "layer": "building",
        "graph_node_id": "B086",
        "render_height_m": 12,
        "height_source": "示意高度 12 m"
      }
    },
    {
      "type": "Feature",
      "geometry": {
        "type": "Polygon",
        "coordinates": [
          [
            [
              112.93278,
              28.166997
            ],
            [
              112.9327992,
              28.1668537
            ],
            [
              112.9322623,
              28.1667977
            ],
            [
              112.9322431,
              28.1669409
            ],
            [
              112.93278,
              28.166997
            ]
          ]
        ]
      },
      "properties": {
        "building": "residential",
        "name": "24栋",
        "osm_id": "way/383029907",
        "layer": "building",
        "graph_node_id": "B087",
        "render_height_m": 12,
        "height_source": "示意高度 12 m"
      }
    },
    {
      "type": "Feature",
      "geometry": {
        "type": "Polygon",
        "coordinates": [
          [
            [
              112.9324424,
              28.1676457
            ],
            [
              112.9324529,
              28.1675531
            ],
            [
              112.9321163,
              28.1675234
            ],
            [
              112.9321058,
              28.1676159
            ],
            [
              112.9324424,
              28.1676457
            ]
          ]
        ]
      },
      "properties": {
        "building": "residential",
        "name": "南校区8栋",
        "osm_id": "way/383030058",
        "layer": "building",
        "graph_node_id": "B088",
        "render_height_m": 12,
        "height_source": "示意高度 12 m"
      }
    },
    {
      "type": "Feature",
      "geometry": {
        "type": "LineString",
        "coordinates": [
          [
            112.931663,
            28.1685865
          ],
          [
            112.9313901,
            28.1685241
          ]
        ]
      },
      "properties": {
        "building": "retail",
        "osm_id": "way/383030643",
        "layer": "building",
        "graph_node_id": "B089",
        "render_height_m": 12,
        "height_source": "示意高度 12 m"
      }
    },
    {
      "type": "Feature",
      "geometry": {
        "type": "MultiLineString",
        "coordinates": [
          [
            [
              112.9323576,
              28.1686872
            ],
            [
              112.9322778,
              28.168659
            ]
          ],
          [
            [
              112.9322778,
              28.168659
            ],
            [
              112.9322344,
              28.168645
            ]
          ],
          [
            [
              112.9322344,
              28.168645
            ],
            [
              112.93218,
              28.1686231
            ]
          ],
          [
            [
              112.93218,
              28.1686231
            ],
            [
              112.9321023,
              28.1686083
            ]
          ],
          [
            [
              112.9321023,
              28.1686083
            ],
            [
              112.9320449,
              28.1686024
            ]
          ],
          [
            [
              112.9320449,
              28.1686024
            ],
            [
              112.9319746,
              28.1685987
            ]
          ],
          [
            [
              112.9319746,
              28.1685987
            ],
            [
              112.9319642,
              28.1686218
            ]
          ],
          [
            [
              112.9319642,
              28.1686218
            ],
            [
              112.9318882,
              28.1686053
            ]
          ],
          [
            [
              112.9318882,
              28.1686053
            ],
            [
              112.9318954,
              28.1685845
            ]
          ],
          [
            [
              112.9318954,
              28.1685845
            ],
            [
              112.9317618,
              28.1685687
            ]
          ],
          [
            [
              112.9317618,
              28.1685687
            ],
            [
              112.9317415,
              28.1686309
            ]
          ],
          [
            [
              112.9317415,
              28.1686309
            ],
            [
              112.9316743,
              28.1686189
            ]
          ],
          [
            [
              112.9316743,
              28.1686189
            ],
            [
              112.9316838,
              28.1685906
            ]
          ],
          [
            [
              112.9316838,
              28.1685906
            ],
            [
              112.931663,
              28.1685865
            ]
          ]
        ]
      },
      "properties": {
        "building": "retail",
        "osm_id": "way/383031142",
        "layer": "building",
        "graph_node_id": "B090",
        "render_height_m": 12,
        "height_source": "示意高度 12 m"
      }
    },
    {
      "type": "Feature",
      "geometry": {
        "type": "Polygon",
        "coordinates": [
          [
            [
              112.9308306,
              28.1659931
            ],
            [
              112.9310054,
              28.1659837
            ],
            [
              112.9310073,
              28.1659659
            ],
            [
              112.9311255,
              28.165976
            ],
            [
              112.9311395,
              28.16586
            ],
            [
              112.9306496,
              28.1658192
            ],
            [
              112.9306414,
              28.1659133
            ],
            [
              112.9307882,
              28.1659232
            ],
            [
              112.9307832,
              28.1659956
            ],
            [
              112.9308306,
              28.1659931
            ]
          ]
        ]
      },
      "properties": {
        "building": "yes",
        "name": "鸿业楼",
        "tourism": "hotel",
        "osm_id": "way/383077655",
        "layer": "building",
        "graph_node_id": "B091",
        "render_height_m": 12,
        "height_source": "示意高度 12 m"
      }
    },
    {
      "type": "Feature",
      "geometry": {
        "type": "Polygon",
        "coordinates": [
          [
            [
              112.9307733,
              28.165746
            ],
            [
              112.930786,
              28.1656172
            ],
            [
              112.9305067,
              28.1655957
            ],
            [
              112.930494,
              28.1657247
            ],
            [
              112.9307733,
              28.165746
            ]
          ]
        ]
      },
      "properties": {
        "building": "residential",
        "name": "南校区17栋",
        "osm_id": "way/383077656",
        "layer": "building",
        "graph_node_id": "B092",
        "render_height_m": 12,
        "height_source": "示意高度 12 m"
      }
    },
    {
      "type": "Feature",
      "geometry": {
        "type": "Polygon",
        "coordinates": [
          [
            [
              112.9311334,
              28.1657536
            ],
            [
              112.9311455,
              28.1656137
            ],
            [
              112.9308217,
              28.1655918
            ],
            [
              112.9308096,
              28.1657317
            ],
            [
              112.9311334,
              28.1657536
            ]
          ]
        ]
      },
      "properties": {
        "building": "residential",
        "name": "南校区16栋",
        "osm_id": "way/383077657",
        "layer": "building",
        "graph_node_id": "B093",
        "render_height_m": 12,
        "height_source": "示意高度 12 m"
      }
    },
    {
      "type": "Feature",
      "geometry": {
        "type": "Polygon",
        "coordinates": [
          [
            [
              112.9311666,
              28.1654344
            ],
            [
              112.9311752,
              28.1653167
            ],
            [
              112.9306555,
              28.1652875
            ],
            [
              112.930647,
              28.1654053
            ],
            [
              112.9311666,
              28.1654344
            ]
          ]
        ]
      },
      "properties": {
        "building": "residential",
        "name": "南校区31栋",
        "osm_id": "way/383077658",
        "layer": "building",
        "graph_node_id": "B094",
        "render_height_m": 12,
        "height_source": "示意高度 12 m"
      }
    },
    {
      "type": "Feature",
      "geometry": {
        "type": "Polygon",
        "coordinates": [
          [
            [
              112.9298697,
              28.1651312
            ],
            [
              112.9298714,
              28.1651125
            ],
            [
              112.9299123,
              28.1651154
            ],
            [
              112.9299106,
              28.1651343
            ],
            [
              112.9299581,
              28.1651377
            ],
            [
              112.9299612,
              28.1651041
            ],
            [
              112.9299807,
              28.1651055
            ],
            [
              112.9299776,
              28.1651394
            ],
            [
              112.9300207,
              28.1651425
            ],
            [
              112.9300224,
              28.1651235
            ],
            [
              112.9300653,
              28.1651266
            ],
            [
              112.9300635,
              28.1651458
            ],
            [
              112.9301098,
              28.1651491
            ],
            [
              112.930113,
              28.1651145
            ],
            [
              112.9301394,
              28.1651164
            ],
            [
              112.9301489,
              28.1650137
            ],
            [
              112.9298323,
              28.164991
            ],
            [
              112.9298231,
              28.16509
            ],
            [
              112.9298279,
              28.1650904
            ],
            [
              112.9298244,
              28.1651279
            ],
            [
              112.9298697,
              28.1651312
            ]
          ]
        ]
      },
      "properties": {
        "building": "residential",
        "name": "南校区30栋",
        "osm_id": "way/383077659",
        "layer": "building",
        "graph_node_id": "B095",
        "render_height_m": 12,
        "height_source": "示意高度 12 m"
      }
    },
    {
      "type": "Feature",
      "geometry": {
        "type": "Polygon",
        "coordinates": [
          [
            [
              112.9298192,
              28.164862
            ],
            [
              112.9298237,
              28.1648734
            ],
            [
              112.9298872,
              28.1648568
            ],
            [
              112.9298906,
              28.1648303
            ],
            [
              112.929911,
              28.1648363
            ],
            [
              112.9299013,
              28.1648526
            ],
            [
              112.9299656,
              28.1648847
            ],
            [
              112.9299749,
              28.1648758
            ],
            [
              112.9299995,
              28.1648903
            ],
            [
              112.9300444,
              28.1648236
            ],
            [
              112.9299521,
              28.1647798
            ],
            [
              112.9299544,
              28.1647529
            ],
            [
              112.9300002,
              28.1647544
            ],
            [
              112.9300052,
              28.1646854
            ],
            [
              112.9299559,
              28.1646826
            ],
            [
              112.9299578,
              28.1646746
            ],
            [
              112.929824,
              28.1646683
            ],
            [
              112.9298169,
              28.1647433
            ],
            [
              112.9298553,
              28.1647455
            ],
            [
              112.9298528,
              28.1647885
            ],
            [
              112.929827,
              28.1647899
            ],
            [
              112.9298213,
              28.1647757
            ],
            [
              112.9297514,
              28.1648013
            ],
            [
              112.9297638,
              28.1648266
            ],
            [
              112.9297708,
              28.1648234
            ],
            [
              112.9297901,
              28.1648724
            ],
            [
              112.9298192,
              28.164862
            ]
          ]
        ]
      },
      "properties": {
        "building": "residential",
        "name": "南校区29栋",
        "osm_id": "way/383077660",
        "layer": "building",
        "graph_node_id": "B096",
        "render_height_m": 12,
        "height_source": "示意高度 12 m"
      }
    },
    {
      "type": "Feature",
      "geometry": {
        "type": "Polygon",
        "coordinates": [
          [
            [
              112.9296151,
              28.162628
            ],
            [
              112.9296446,
              28.1625594
            ],
            [
              112.9295737,
              28.1625308
            ],
            [
              112.9295214,
              28.1626282
            ],
            [
              112.9296151,
              28.162628
            ]
          ]
        ]
      },
      "properties": {
        "building": "yes",
        "name": "升华服务部",
        "shop": "supermarket",
        "osm_id": "way/383091373",
        "layer": "building",
        "graph_node_id": "B097",
        "render_height_m": 12,
        "height_source": "示意高度 12 m"
      }
    },
    {
      "type": "Feature",
      "geometry": {
        "type": "Polygon",
        "coordinates": [
          [
            [
              112.9261424,
              28.1613359
            ],
            [
              112.926483,
              28.1614861
            ],
            [
              112.9264431,
              28.1616856
            ],
            [
              112.9259756,
              28.1616408
            ],
            [
              112.9259546,
              28.1618109
            ],
            [
              112.9269489,
              28.1619213
            ],
            [
              112.9269748,
              28.1617455
            ],
            [
              112.9266186,
              28.1617077
            ],
            [
              112.926641,
              28.1615424
            ],
            [
              112.9270244,
              28.1615086
            ],
            [
              112.9269857,
              28.1612929
            ],
            [
              112.9266716,
              28.1613229
            ],
            [
              112.9262621,
              28.1611438
            ],
            [
              112.9261424,
              28.1613359
            ]
          ]
        ]
      },
      "properties": {
        "building": "college",
        "name": "毓秀楼",
        "osm_id": "way/601681750",
        "layer": "building",
        "graph_node_id": "B098",
        "render_height_m": 12,
        "height_source": "示意高度 12 m"
      }
    },
    {
      "type": "Feature",
      "geometry": {
        "type": "Polygon",
        "coordinates": [
          [
            [
              112.9262692,
              28.1637225
            ],
            [
              112.92628,
              28.1636505
            ],
            [
              112.9262876,
              28.1635992
            ],
            [
              112.9263622,
              28.1630985
            ],
            [
              112.9263694,
              28.1630502
            ],
            [
              112.9263817,
              28.162967
            ],
            [
              112.926088,
              28.162933
            ],
            [
              112.9259754,
              28.1636885
            ],
            [
              112.9262692,
              28.1637225
            ]
          ]
        ]
      },
      "properties": {
        "building": "college",
        "building:levels": "6",
        "name": "金贵楼",
        "osm_id": "way/660915679",
        "layer": "building",
        "graph_node_id": "B099",
        "render_height_m": 18.0,
        "height_source": "OSM levels × 3 m"
      }
    },
    {
      "type": "Feature",
      "geometry": {
        "type": "Polygon",
        "coordinates": [
          [
            [
              112.9260324,
              28.1646562
            ],
            [
              112.9264799,
              28.1646991
            ],
            [
              112.9264977,
              28.1645543
            ],
            [
              112.9263146,
              28.1645367
            ],
            [
              112.9258884,
              28.1644959
            ],
            [
              112.9258974,
              28.1644224
            ],
            [
              112.9259525,
              28.1644279
            ],
            [
              112.9259715,
              28.1642693
            ],
            [
              112.9259325,
              28.1642662
            ],
            [
              112.9259405,
              28.1642017
            ],
            [
              112.9266581,
              28.1642707
            ],
            [
              112.9267218,
              28.1642768
            ],
            [
              112.9267441,
              28.1640967
            ],
            [
              112.925857,
              28.1640114
            ],
            [
              112.9258356,
              28.1641839
            ],
            [
              112.9259008,
              28.1641901
            ],
            [
              112.9258909,
              28.16427
            ],
            [
              112.92583,
              28.1642641
            ],
            [
              112.9258115,
              28.1644132
            ],
            [
              112.9258603,
              28.1644178
            ],
            [
              112.9258517,
              28.1644871
            ],
            [
              112.9257862,
              28.1644809
            ],
            [
              112.9257677,
              28.1646308
            ],
            [
              112.9260324,
              28.1646562
            ]
          ]
        ]
      },
      "properties": {
        "addr:province": "湖南省长沙市",
        "building": "college",
        "building:levels": "5",
        "name": "地信楼",
        "osm_id": "way/660915680",
        "layer": "building",
        "graph_node_id": "B100",
        "render_height_m": 15.0,
        "height_source": "OSM levels × 3 m"
      }
    },
    {
      "type": "Feature",
      "geometry": {
        "type": "Polygon",
        "coordinates": [
          [
            [
              112.931444,
              28.1584974
            ],
            [
              112.9314395,
              28.1573697
            ],
            [
              112.9304686,
              28.1573726
            ],
            [
              112.9304709,
              28.1579811
            ],
            [
              112.9304721,
              28.1582909
            ],
            [
              112.9304729,
              28.1585003
            ],
            [
              112.931444,
              28.1584974
            ]
          ]
        ]
      },
      "properties": {
        "building": "yes",
        "building:levels": "4",
        "height": "29",
        "name": "中南大学游泳馆&羽毛球馆&篮球馆",
        "osm_id": "way/983556518",
        "layer": "building",
        "graph_node_id": "B101",
        "render_height_m": 29.0,
        "height_source": "OSM height"
      }
    },
    {
      "type": "Feature",
      "geometry": {
        "type": "Polygon",
        "coordinates": [
          [
            [
              112.942429,
              28.1540196
            ],
            [
              112.9417396,
              28.1537741
            ],
            [
              112.9415228,
              28.1542473
            ],
            [
              112.9422123,
              28.1544928
            ],
            [
              112.942429,
              28.1540196
            ]
          ]
        ]
      },
      "properties": {
        "building": "university",
        "building:levels": "3",
        "name": "村落研究中心",
        "osm_id": "way/983566665",
        "layer": "building",
        "graph_node_id": "B102",
        "render_height_m": 9.0,
        "height_source": "OSM levels × 3 m"
      }
    },
    {
      "type": "Feature",
      "geometry": {
        "type": "LineString",
        "coordinates": [
          [
            112.9414849,
            28.1493874
          ],
          [
            112.9414833,
            28.1495907
          ]
        ]
      },
      "properties": {
        "building": "yes",
        "osm_id": "way/1026484195",
        "layer": "building",
        "graph_node_id": "B103",
        "render_height_m": 12,
        "height_source": "示意高度 12 m"
      }
    },
    {
      "type": "Feature",
      "geometry": {
        "type": "Polygon",
        "coordinates": [
          [
            [
              112.9402891,
              28.1504768
            ],
            [
              112.9403578,
              28.1503301
            ],
            [
              112.9404915,
              28.1503803
            ],
            [
              112.9405454,
              28.150273
            ],
            [
              112.9403151,
              28.1501919
            ],
            [
              112.9401953,
              28.1504437
            ],
            [
              112.9402891,
              28.1504768
            ]
          ]
        ]
      },
      "properties": {
        "building": "yes",
        "osm_id": "way/1026484198",
        "layer": "building",
        "graph_node_id": "B104",
        "render_height_m": 12,
        "height_source": "示意高度 12 m"
      }
    },
    {
      "type": "Feature",
      "geometry": {
        "type": "Polygon",
        "coordinates": [
          [
            [
              112.941151,
              28.1498821
            ],
            [
              112.941082,
              28.1498566
            ],
            [
              112.9410413,
              28.1498421
            ],
            [
              112.9406404,
              28.1496984
            ],
            [
              112.9406491,
              28.1496658
            ],
            [
              112.9410819,
              28.1496561
            ],
            [
              112.9411289,
              28.149655
            ],
            [
              112.9411276,
              28.1495587
            ],
            [
              112.9404993,
              28.1495823
            ],
            [
              112.9405013,
              28.1496562
            ],
            [
              112.9405169,
              28.1496571
            ],
            [
              112.9405111,
              28.1496769
            ],
            [
              112.9404936,
              28.1496756
            ],
            [
              112.9404594,
              28.1497433
            ],
            [
              112.9405184,
              28.1497639
            ],
            [
              112.9407454,
              28.149843
            ],
            [
              112.9410022,
              28.1499324
            ],
            [
              112.9410342,
              28.1499436
            ],
            [
              112.9411088,
              28.1499696
            ],
            [
              112.941151,
              28.1498821
            ]
          ]
        ]
      },
      "properties": {
        "building": "college",
        "name": "数学与统计学院",
        "osm_id": "way/1026484199",
        "layer": "building",
        "graph_node_id": "B105",
        "render_height_m": 12,
        "height_source": "示意高度 12 m"
      }
    },
    {
      "type": "Feature",
      "geometry": {
        "type": "Polygon",
        "coordinates": [
          [
            [
              112.9411289,
              28.149655
            ],
            [
              112.9410819,
              28.1496561
            ],
            [
              112.9410413,
              28.1498421
            ],
            [
              112.941082,
              28.1498566
            ],
            [
              112.9411289,
              28.149655
            ]
          ]
        ]
      },
      "properties": {
        "building": "yes",
        "osm_id": "way/1026484200",
        "layer": "building",
        "graph_node_id": "B106",
        "render_height_m": 12,
        "height_source": "示意高度 12 m"
      }
    },
    {
      "type": "Feature",
      "geometry": {
        "type": "Polygon",
        "coordinates": [
          [
            [
              112.9404875,
              28.1500542
            ],
            [
              112.9405574,
              28.149909
            ],
            [
              112.9406931,
              28.1499588
            ],
            [
              112.9407454,
              28.149843
            ],
            [
              112.9405184,
              28.1497639
            ],
            [
              112.9403983,
              28.1500228
            ],
            [
              112.9404875,
              28.1500542
            ]
          ]
        ]
      },
      "properties": {
        "building": "yes",
        "osm_id": "way/1026484201",
        "layer": "building",
        "graph_node_id": "B107",
        "render_height_m": 12,
        "height_source": "示意高度 12 m"
      }
    },
    {
      "type": "Feature",
      "geometry": {
        "type": "Polygon",
        "coordinates": [
          [
            [
              112.9267218,
              28.1642768
            ],
            [
              112.9266581,
              28.1642707
            ],
            [
              112.926626,
              28.1644821
            ],
            [
              112.9263278,
              28.1644494
            ],
            [
              112.9263146,
              28.1645367
            ],
            [
              112.9264977,
              28.1645543
            ],
            [
              112.9264799,
              28.1646991
            ],
            [
              112.9260324,
              28.1646562
            ],
            [
              112.9260323,
              28.1646756
            ],
            [
              112.9263234,
              28.1647083
            ],
            [
              112.9264021,
              28.1648433
            ],
            [
              112.92668,
              28.1648729
            ],
            [
              112.9267932,
              28.164103
            ],
            [
              112.9267441,
              28.1640967
            ],
            [
              112.9267218,
              28.1642768
            ]
          ]
        ]
      },
      "properties": {
        "building": "college",
        "osm_id": "way/1029393708",
        "layer": "building",
        "graph_node_id": "B108",
        "render_height_m": 12,
        "height_source": "示意高度 12 m"
      }
    },
    {
      "type": "Feature",
      "geometry": {
        "type": "Polygon",
        "coordinates": [
          [
            [
              112.9261614,
              28.1644474
            ],
            [
              112.9261804,
              28.1642888
            ],
            [
              112.9259715,
              28.1642693
            ],
            [
              112.9259525,
              28.1644279
            ],
            [
              112.9261614,
              28.1644474
            ]
          ]
        ]
      },
      "properties": {
        "building": "college",
        "osm_id": "way/1029393709",
        "layer": "building",
        "graph_node_id": "B109",
        "render_height_m": 12,
        "height_source": "示意高度 12 m"
      }
    },
    {
      "type": "Feature",
      "geometry": {
        "type": "Polygon",
        "coordinates": [
          [
            [
              112.9278735,
              28.1646319
            ],
            [
              112.9278774,
              28.1646123
            ],
            [
              112.9281668,
              28.1646565
            ],
            [
              112.9281632,
              28.164675
            ],
            [
              112.9283692,
              28.1647064
            ],
            [
              112.9284001,
              28.1645489
            ],
            [
              112.9282199,
              28.1645214
            ],
            [
              112.9282166,
              28.1645384
            ],
            [
              112.9278977,
              28.1644897
            ],
            [
              112.9279012,
              28.1644719
            ],
            [
              112.9276919,
              28.1644399
            ],
            [
              112.9276605,
              28.1645994
            ],
            [
              112.9278735,
              28.1646319
            ]
          ]
        ]
      },
      "properties": {
        "addr:housename": "留学生公寓2栋",
        "building": "apartments",
        "building:levels": "5",
        "height": "16.4",
        "name": "升华学生公寓36栋",
        "osm_id": "way/1029393710",
        "layer": "building",
        "graph_node_id": "B110",
        "render_height_m": 16.4,
        "height_source": "OSM height"
      }
    },
    {
      "type": "Feature",
      "geometry": {
        "type": "Polygon",
        "coordinates": [
          [
            [
              112.929625,
              28.1644337
            ],
            [
              112.9296264,
              28.1642674
            ],
            [
              112.9289052,
              28.1642629
            ],
            [
              112.9289039,
              28.1644291
            ],
            [
              112.929625,
              28.1644337
            ]
          ]
        ]
      },
      "properties": {
        "building": "apartments",
        "building:levels": "5",
        "height": "16.4",
        "name": "升华学生公寓34栋",
        "osm_id": "way/1029393711",
        "layer": "building",
        "graph_node_id": "B111",
        "render_height_m": 16.4,
        "height_source": "OSM height"
      }
    },
    {
      "type": "Feature",
      "geometry": {
        "type": "Polygon",
        "coordinates": [
          [
            [
              112.9294898,
              28.1648177
            ],
            [
              112.9294929,
              28.1646568
            ],
            [
              112.9287762,
              28.1646461
            ],
            [
              112.9287731,
              28.1648069
            ],
            [
              112.9294898,
              28.1648177
            ]
          ]
        ]
      },
      "properties": {
        "building": "apartments",
        "building:levels": "5",
        "height": "16",
        "name": "升华学生公寓35栋",
        "osm_id": "way/1029393712",
        "layer": "building",
        "graph_node_id": "B112",
        "render_height_m": 16.0,
        "height_source": "OSM height"
      }
    },
    {
      "type": "Feature",
      "geometry": {
        "type": "Polygon",
        "coordinates": [
          [
            [
              112.928964,
              28.1654776
            ],
            [
              112.9289642,
              28.1654131
            ],
            [
              112.9290952,
              28.1654133
            ],
            [
              112.9290955,
              28.1653168
            ],
            [
              112.9284471,
              28.1653158
            ],
            [
              112.9284468,
              28.1654766
            ],
            [
              112.928964,
              28.1654776
            ]
          ]
        ]
      },
      "properties": {
        "building": "apartments",
        "building:levels": "5",
        "height": "17.8",
        "name": "升华学生公寓39栋",
        "osm_id": "way/1029393713",
        "layer": "building",
        "graph_node_id": "B113",
        "render_height_m": 17.8,
        "height_source": "OSM height"
      }
    },
    {
      "type": "Feature",
      "geometry": {
        "type": "Polygon",
        "coordinates": [
          [
            [
              112.9268084,
              28.1638396
            ],
            [
              112.9268216,
              28.1637415
            ],
            [
              112.9268636,
              28.1637459
            ],
            [
              112.9268825,
              28.1636049
            ],
            [
              112.9264646,
              28.1635613
            ],
            [
              112.9264533,
              28.1636368
            ],
            [
              112.926449,
              28.1636683
            ],
            [
              112.9264325,
              28.1638003
            ],
            [
              112.9268084,
              28.1638396
            ]
          ]
        ]
      },
      "properties": {
        "building": "construction",
        "name": "兵卿楼",
        "osm_id": "way/1029393717",
        "layer": "building",
        "graph_node_id": "B114",
        "render_height_m": 12,
        "height_source": "示意高度 12 m"
      }
    },
    {
      "type": "Feature",
      "geometry": {
        "type": "Polygon",
        "coordinates": [
          [
            [
              112.9269104,
              28.1632209
            ],
            [
              112.9269438,
              28.1629651
            ],
            [
              112.9265557,
              28.1629256
            ],
            [
              112.9265334,
              28.1630873
            ],
            [
              112.9265301,
              28.1631144
            ],
            [
              112.9265222,
              28.1631814
            ],
            [
              112.9269104,
              28.1632209
            ]
          ]
        ]
      },
      "properties": {
        "building": "construction",
        "name": "盖亚楼",
        "osm_id": "way/1029393718",
        "layer": "building",
        "graph_node_id": "B115",
        "render_height_m": 12,
        "height_source": "示意高度 12 m"
      }
    },
    {
      "type": "Feature",
      "geometry": {
        "type": "Polygon",
        "coordinates": [
          [
            [
              112.926449,
              28.1636683
            ],
            [
              112.9264533,
              28.1636368
            ],
            [
              112.9263102,
              28.1636217
            ],
            [
              112.9263129,
              28.1636018
            ],
            [
              112.9262876,
              28.1635992
            ],
            [
              112.92628,
              28.1636505
            ],
            [
              112.926449,
              28.1636683
            ]
          ]
        ]
      },
      "properties": {
        "building": "construction",
        "osm_id": "way/1029410057",
        "layer": "building",
        "graph_node_id": "B116",
        "render_height_m": 12,
        "height_source": "示意高度 12 m"
      }
    },
    {
      "type": "Feature",
      "geometry": {
        "type": "Polygon",
        "coordinates": [
          [
            [
              112.9265301,
              28.1631144
            ],
            [
              112.9265334,
              28.1630873
            ],
            [
              112.9263845,
              28.1630732
            ],
            [
              112.9263871,
              28.1630518
            ],
            [
              112.9263694,
              28.1630502
            ],
            [
              112.9263622,
              28.1630985
            ],
            [
              112.9265301,
              28.1631144
            ]
          ]
        ]
      },
      "properties": {
        "building": "construction",
        "osm_id": "way/1029410058",
        "layer": "building",
        "graph_node_id": "B117",
        "render_height_m": 12,
        "height_source": "示意高度 12 m"
      }
    },
    {
      "type": "Feature",
      "geometry": {
        "type": "Polygon",
        "coordinates": [
          [
            [
              112.9339853,
              28.1648749
            ],
            [
              112.9342651,
              28.1648994
            ],
            [
              112.93424,
              28.1651217
            ],
            [
              112.9340075,
              28.1651013
            ],
            [
              112.9339958,
              28.1652048
            ],
            [
              112.9343301,
              28.1652341
            ],
            [
              112.9343705,
              28.1648765
            ],
            [
              112.9343409,
              28.1648739
            ],
            [
              112.9343479,
              28.164812
            ],
            [
              112.9339959,
              28.1647811
            ],
            [
              112.9339853,
              28.1648749
            ]
          ]
        ]
      },
      "properties": {
        "building": "apartments",
        "name": "研究生1舍",
        "osm_id": "way/1029446392",
        "layer": "building",
        "graph_node_id": "B118",
        "render_height_m": 12,
        "height_source": "示意高度 12 m"
      }
    },
    {
      "type": "Feature",
      "geometry": {
        "type": "Polygon",
        "coordinates": [
          [
            [
              112.9315316,
              28.1677014
            ],
            [
              112.931547,
              28.1675542
            ],
            [
              112.9314647,
              28.1675475
            ],
            [
              112.9314492,
              28.1676946
            ],
            [
              112.9315316,
              28.1677014
            ]
          ]
        ]
      },
      "properties": {
        "building": "yes",
        "osm_id": "way/1029446396",
        "layer": "building",
        "graph_node_id": "B119",
        "render_height_m": 12,
        "height_source": "示意高度 12 m"
      }
    },
    {
      "type": "Feature",
      "geometry": {
        "type": "Polygon",
        "coordinates": [
          [
            [
              112.9317091,
              28.1675605
            ],
            [
              112.9317045,
              28.1676026
            ],
            [
              112.9315575,
              28.1675903
            ],
            [
              112.9315503,
              28.1676567
            ],
            [
              112.9317004,
              28.1676693
            ],
            [
              112.9316959,
              28.1677106
            ],
            [
              112.9317709,
              28.1677169
            ],
            [
              112.9317726,
              28.1677017
            ],
            [
              112.9317783,
              28.1676488
            ],
            [
              112.9317868,
              28.1675705
            ],
            [
              112.9319373,
              28.1675832
            ],
            [
              112.9319482,
              28.1674824
            ],
            [
              112.9314827,
              28.1674431
            ],
            [
              112.9314721,
              28.1675405
            ],
            [
              112.9317091,
              28.1675605
            ]
          ]
        ]
      },
      "properties": {
        "building": "yes",
        "name": "中南大学后勤保障部修建服务中心",
        "osm_id": "way/1029446397",
        "layer": "building",
        "graph_node_id": "B120",
        "render_height_m": 12,
        "height_source": "示意高度 12 m"
      }
    },
    {
      "type": "Feature",
      "geometry": {
        "type": "Polygon",
        "coordinates": [
          [
            [
              112.9318486,
              28.1677085
            ],
            [
              112.9318533,
              28.1676549
            ],
            [
              112.9317783,
              28.1676488
            ],
            [
              112.9317726,
              28.1677017
            ],
            [
              112.9318486,
              28.1677085
            ]
          ]
        ]
      },
      "properties": {
        "building": "yes",
        "osm_id": "way/1029446398",
        "layer": "building",
        "graph_node_id": "B121",
        "render_height_m": 12,
        "height_source": "示意高度 12 m"
      }
    },
    {
      "type": "Feature",
      "geometry": {
        "type": "Polygon",
        "coordinates": [
          [
            [
              112.9315465,
              28.1676965
            ],
            [
              112.931534,
              28.1677791
            ],
            [
              112.9318399,
              28.1678152
            ],
            [
              112.9318525,
              28.1677326
            ],
            [
              112.9315465,
              28.1676965
            ]
          ]
        ]
      },
      "properties": {
        "building": "yes",
        "osm_id": "way/1029446399",
        "layer": "building",
        "graph_node_id": "B122",
        "render_height_m": 12,
        "height_source": "示意高度 12 m"
      }
    },
    {
      "type": "Feature",
      "geometry": {
        "type": "Polygon",
        "coordinates": [
          [
            [
              112.9332998,
              28.1665886
            ],
            [
              112.9332922,
              28.1666412
            ],
            [
              112.9332782,
              28.1667373
            ],
            [
              112.9335506,
              28.1667681
            ],
            [
              112.9335533,
              28.1667497
            ],
            [
              112.9335727,
              28.1667519
            ],
            [
              112.9335842,
              28.1666728
            ],
            [
              112.9335675,
              28.1666709
            ],
            [
              112.9335749,
              28.1666197
            ],
            [
              112.9332998,
              28.1665886
            ]
          ]
        ]
      },
      "properties": {
        "building": "residential",
        "name": "南校区23栋",
        "osm_id": "way/1029446400",
        "layer": "building",
        "graph_node_id": "B123",
        "render_height_m": 12,
        "height_source": "示意高度 12 m"
      }
    },
    {
      "type": "Feature",
      "geometry": {
        "type": "Polygon",
        "coordinates": [
          [
            [
              112.9332626,
              28.1668817
            ],
            [
              112.9332572,
              28.1669176
            ],
            [
              112.9332441,
              28.1670043
            ],
            [
              112.9332424,
              28.1670158
            ],
            [
              112.9335117,
              28.1670474
            ],
            [
              112.9335145,
              28.1670291
            ],
            [
              112.933534,
              28.1670314
            ],
            [
              112.933546,
              28.1669521
            ],
            [
              112.9335294,
              28.1669502
            ],
            [
              112.9335349,
              28.1669136
            ],
            [
              112.9332626,
              28.1668817
            ]
          ]
        ]
      },
      "properties": {
        "building": "residential",
        "name": "南校区22栋",
        "osm_id": "way/1029446401",
        "layer": "building",
        "graph_node_id": "B124",
        "render_height_m": 12,
        "height_source": "示意高度 12 m"
      }
    },
    {
      "type": "Feature",
      "geometry": {
        "type": "Polygon",
        "coordinates": [
          [
            [
              112.9303331,
              28.1654967
            ],
            [
              112.9303841,
              28.1654538
            ],
            [
              112.930247,
              28.1653272
            ],
            [
              112.9301961,
              28.16537
            ],
            [
              112.9303331,
              28.1654967
            ]
          ]
        ]
      },
      "properties": {
        "building": "residential",
        "name": "南校区32栋",
        "osm_id": "way/1029446402",
        "layer": "building",
        "graph_node_id": "B125",
        "render_height_m": 12,
        "height_source": "示意高度 12 m"
      }
    },
    {
      "type": "Feature",
      "geometry": {
        "type": "Polygon",
        "coordinates": [
          [
            [
              112.9307337,
              28.1647789
            ],
            [
              112.9303784,
              28.1647571
            ],
            [
              112.9303717,
              28.1648424
            ],
            [
              112.930727,
              28.164864
            ],
            [
              112.9307337,
              28.1647789
            ]
          ]
        ]
      },
      "properties": {
        "building": "yes",
        "osm_id": "way/1029446403",
        "layer": "building",
        "graph_node_id": "B126",
        "render_height_m": 12,
        "height_source": "示意高度 12 m"
      }
    },
    {
      "type": "Feature",
      "geometry": {
        "type": "Polygon",
        "coordinates": [
          [
            [
              112.9308259,
              28.1662276
            ],
            [
              112.9308224,
              28.1664364
            ],
            [
              112.9308574,
              28.1664314
            ],
            [
              112.930863,
              28.1663592
            ],
            [
              112.9309313,
              28.1663616
            ],
            [
              112.9309363,
              28.1662776
            ],
            [
              112.9309757,
              28.166278
            ],
            [
              112.9309842,
              28.1661102
            ],
            [
              112.9310522,
              28.1660581
            ],
            [
              112.9311255,
              28.165976
            ],
            [
              112.9310073,
              28.1659659
            ],
            [
              112.9310054,
              28.1659837
            ],
            [
              112.9308306,
              28.1659931
            ],
            [
              112.9308158,
              28.1661268
            ],
            [
              112.9307988,
              28.166158
            ],
            [
              112.9307639,
              28.166158
            ],
            [
              112.9307603,
              28.1662223
            ],
            [
              112.9308259,
              28.1662276
            ]
          ]
        ]
      },
      "properties": {
        "building": "yes",
        "name": "唱克音乐吧",
        "osm_id": "way/1029446404",
        "layer": "building",
        "graph_node_id": "B127",
        "render_height_m": 12,
        "height_source": "示意高度 12 m"
      }
    },
    {
      "type": "Feature",
      "geometry": {
        "type": "Polygon",
        "coordinates": [
          [
            [
              112.9305802,
              28.1636186
            ],
            [
              112.9305874,
              28.1635539
            ],
            [
              112.92998,
              28.1635017
            ],
            [
              112.9299729,
              28.1635662
            ],
            [
              112.9305802,
              28.1636186
            ]
          ]
        ]
      },
      "properties": {
        "building": "apartments",
        "osm_id": "way/1030449144",
        "layer": "building",
        "graph_node_id": "B128",
        "render_height_m": 12,
        "height_source": "示意高度 12 m"
      }
    },
    {
      "type": "Feature",
      "geometry": {
        "type": "Polygon",
        "coordinates": [
          [
            [
              112.9303635,
              28.163853
            ],
            [
              112.9303716,
              28.1637828
            ],
            [
              112.930066,
              28.1637553
            ],
            [
              112.9300578,
              28.1638255
            ],
            [
              112.9303635,
              28.163853
            ]
          ]
        ]
      },
      "properties": {
        "building": "apartments",
        "osm_id": "way/1030449145",
        "layer": "building",
        "graph_node_id": "B129",
        "render_height_m": 12,
        "height_source": "示意高度 12 m"
      }
    },
    {
      "type": "Feature",
      "geometry": {
        "type": "Polygon",
        "coordinates": [
          [
            [
              112.9309115,
              28.1639333
            ],
            [
              112.9304591,
              28.1638914
            ],
            [
              112.9304504,
              28.1639645
            ],
            [
              112.9309028,
              28.1640063
            ],
            [
              112.9309115,
              28.1639333
            ]
          ]
        ]
      },
      "properties": {
        "building": "apartments",
        "osm_id": "way/1030449146",
        "layer": "building",
        "graph_node_id": "B130",
        "render_height_m": 12,
        "height_source": "示意高度 12 m"
      }
    },
    {
      "type": "Feature",
      "geometry": {
        "type": "MultiLineString",
        "coordinates": [
          [
            [
              112.9313901,
              28.1685241
            ],
            [
              112.9314034,
              28.1683878
            ]
          ],
          [
            [
              112.9314034,
              28.1683878
            ],
            [
              112.9313372,
              28.1683828
            ]
          ],
          [
            [
              112.9313372,
              28.1683828
            ],
            [
              112.9312167,
              28.1683736
            ]
          ],
          [
            [
              112.9312167,
              28.1683736
            ],
            [
              112.9312,
              28.1685444
            ]
          ]
        ]
      },
      "properties": {
        "building": "retail",
        "osm_id": "way/1030573566",
        "layer": "building",
        "graph_node_id": "B131",
        "render_height_m": 12,
        "height_source": "示意高度 12 m"
      }
    },
    {
      "type": "Feature",
      "geometry": {
        "type": "LineString",
        "coordinates": [
          [
            112.9334136,
            28.1499244
          ],
          [
            112.9334055,
            28.1496866
          ]
        ]
      },
      "properties": {
        "building": "retail",
        "osm_id": "way/1030890695",
        "layer": "building",
        "graph_node_id": "B132",
        "render_height_m": 12,
        "height_source": "示意高度 12 m"
      }
    },
    {
      "type": "Feature",
      "geometry": {
        "type": "Polygon",
        "coordinates": [
          [
            [
              112.9353536,
              28.1499338
            ],
            [
              112.9352937,
              28.1499352
            ],
            [
              112.9352953,
              28.149987
            ],
            [
              112.9352117,
              28.149989
            ],
            [
              112.9352139,
              28.1500585
            ],
            [
              112.935297,
              28.1500565
            ],
            [
              112.9352991,
              28.1501218
            ],
            [
              112.9353594,
              28.1501203
            ],
            [
              112.9353536,
              28.1499338
            ]
          ]
        ]
      },
      "properties": {
        "building": "university",
        "osm_id": "way/1051625130",
        "layer": "building",
        "graph_node_id": "B133",
        "render_height_m": 12,
        "height_source": "示意高度 12 m"
      }
    },
    {
      "type": "Feature",
      "geometry": {
        "type": "Polygon",
        "coordinates": [
          [
            [
              112.9353647,
              28.1502561
            ],
            [
              112.9353112,
              28.1502575
            ],
            [
              112.9353178,
              28.1504505
            ],
            [
              112.9353714,
              28.150449
            ],
            [
              112.9353647,
              28.1502561
            ]
          ]
        ]
      },
      "properties": {
        "building": "university",
        "osm_id": "way/1051625131",
        "layer": "building",
        "graph_node_id": "B134",
        "render_height_m": 12,
        "height_source": "示意高度 12 m"
      }
    },
    {
      "type": "Feature",
      "geometry": {
        "type": "Polygon",
        "coordinates": [
          [
            [
              112.9353791,
              28.1505951
            ],
            [
              112.9353194,
              28.1505967
            ],
            [
              112.9353204,
              28.1506245
            ],
            [
              112.9352268,
              28.1506271
            ],
            [
              112.9352289,
              28.1506879
            ],
            [
              112.9353275,
              28.1506852
            ],
            [
              112.9353294,
              28.1507399
            ],
            [
              112.9353842,
              28.1507384
            ],
            [
              112.9353791,
              28.1505951
            ]
          ]
        ]
      },
      "properties": {
        "building": "university",
        "osm_id": "way/1051625132",
        "layer": "building",
        "graph_node_id": "B135",
        "render_height_m": 12,
        "height_source": "示意高度 12 m"
      }
    },
    {
      "type": "Feature",
      "geometry": {
        "type": "Polygon",
        "coordinates": [
          [
            [
              112.9339871,
              28.1501741
            ],
            [
              112.9339851,
              28.149965
            ],
            [
              112.9340055,
              28.1499648
            ],
            [
              112.9340041,
              28.1498144
            ],
            [
              112.9336299,
              28.1498173
            ],
            [
              112.9336307,
              28.1498996
            ],
            [
              112.9335862,
              28.1498999
            ],
            [
              112.9335888,
              28.1501771
            ],
            [
              112.9339871,
              28.1501741
            ]
          ]
        ]
      },
      "properties": {
        "building": "university",
        "name": "工程训练中心B栋",
        "osm_id": "way/1051625135",
        "layer": "building",
        "graph_node_id": "B136",
        "render_height_m": 12,
        "height_source": "示意高度 12 m"
      }
    },
    {
      "type": "Feature",
      "geometry": {
        "type": "Polygon",
        "coordinates": [
          [
            [
              112.9333316,
              28.1506507
            ],
            [
              112.9333316,
              28.1506679
            ],
            [
              112.9334279,
              28.1506682
            ],
            [
              112.9334281,
              28.1506262
            ],
            [
              112.9339539,
              28.1506279
            ],
            [
              112.9339981,
              28.1507106
            ],
            [
              112.9339081,
              28.1507372
            ],
            [
              112.9339191,
              28.150763
            ],
            [
              112.9338954,
              28.1507708
            ],
            [
              112.9339385,
              28.1509139
            ],
            [
              112.9338698,
              28.1509298
            ],
            [
              112.9334159,
              28.1509301
            ],
            [
              112.9334159,
              28.1509088
            ],
            [
              112.9334085,
              28.1508941
            ],
            [
              112.9333884,
              28.1508875
            ],
            [
              112.9333699,
              28.1508931
            ],
            [
              112.9333593,
              28.1509119
            ],
            [
              112.9333589,
              28.1509272
            ],
            [
              112.9333326,
              28.1509267
            ],
            [
              112.9333371,
              28.1507342
            ],
            [
              112.9331659,
              28.1507311
            ],
            [
              112.9331592,
              28.1510223
            ],
            [
              112.9331168,
              28.1510215
            ],
            [
              112.9331142,
              28.1511356
            ],
            [
              112.9339073,
              28.1511499
            ],
            [
              112.9339575,
              28.1511385
            ],
            [
              112.9339792,
              28.1512131
            ],
            [
              112.9342263,
              28.1511572
            ],
            [
              112.9342021,
              28.1510739
            ],
            [
              112.9342718,
              28.1510581
            ],
            [
              112.9341648,
              28.1506901
            ],
            [
              112.9340826,
              28.1507087
            ],
            [
              112.934083,
              28.1503487
            ],
            [
              112.9339497,
              28.1503486
            ],
            [
              112.9339496,
              28.1504212
            ],
            [
              112.933332,
              28.1504205
            ],
            [
              112.9333319,
              28.1504737
            ],
            [
              112.933249,
              28.1504736
            ],
            [
              112.9332487,
              28.1506505
            ],
            [
              112.9333316,
              28.1506507
            ]
          ]
        ]
      },
      "properties": {
        "building": "university",
        "name": "工程训练中心A栋",
        "osm_id": "way/1051625136",
        "layer": "building",
        "graph_node_id": "B137",
        "render_height_m": 12,
        "height_source": "示意高度 12 m"
      }
    },
    {
      "type": "Feature",
      "geometry": {
        "type": "Polygon",
        "coordinates": [
          [
            [
              112.9382291,
              28.1501199
            ],
            [
              112.9381783,
              28.150121
            ],
            [
              112.9381766,
              28.150063
            ],
            [
              112.9378029,
              28.1500713
            ],
            [
              112.9377982,
              28.1499095
            ],
            [
              112.9380047,
              28.1499049
            ],
            [
              112.9380043,
              28.1498917
            ],
            [
              112.9381684,
              28.149888
            ],
            [
              112.9382132,
              28.149887
            ],
            [
              112.9382092,
              28.1497479
            ],
            [
              112.9376431,
              28.1497607
            ],
            [
              112.9376577,
              28.1502631
            ],
            [
              112.9381337,
              28.1502524
            ],
            [
              112.9381325,
              28.15021
            ],
            [
              112.9382317,
              28.1502078
            ],
            [
              112.9382291,
              28.1501199
            ]
          ]
        ]
      },
      "properties": {
        "building": "university",
        "name": "自动化学院",
        "osm_id": "way/1051625137",
        "layer": "building",
        "graph_node_id": "B138",
        "render_height_m": 12,
        "height_source": "示意高度 12 m"
      }
    },
    {
      "type": "Feature",
      "geometry": {
        "type": "Polygon",
        "coordinates": [
          [
            [
              112.9383795,
              28.1501151
            ],
            [
              112.9383827,
              28.1502398
            ],
            [
              112.9386234,
              28.150232
            ],
            [
              112.9386103,
              28.1497389
            ],
            [
              112.9382092,
              28.1497479
            ],
            [
              112.9382132,
              28.149887
            ],
            [
              112.9381684,
              28.149888
            ],
            [
              112.9381766,
              28.150063
            ],
            [
              112.9381783,
              28.150121
            ],
            [
              112.9382291,
              28.1501199
            ],
            [
              112.9383795,
              28.1501151
            ]
          ]
        ]
      },
      "properties": {
        "building": "university",
        "name": "计算机学院",
        "osm_id": "way/1051625138",
        "layer": "building",
        "graph_node_id": "B139",
        "render_height_m": 12,
        "height_source": "示意高度 12 m"
      }
    },
    {
      "type": "Feature",
      "geometry": {
        "type": "Polygon",
        "coordinates": [
          [
            [
              112.9300134,
              28.1586203
            ],
            [
              112.9300544,
              28.1585379
            ],
            [
              112.9301224,
              28.1585642
            ],
            [
              112.930203,
              28.1583645
            ],
            [
              112.9303509,
              28.1580313
            ],
            [
              112.9300532,
              28.1579318
            ],
            [
              112.9298803,
              28.1578739
            ],
            [
              112.9296425,
              28.1585005
            ],
            [
              112.9300134,
              28.1586203
            ]
          ]
        ]
      },
      "properties": {
        "building": "yes",
        "height": "29",
        "name": "中南大学游泳馆&羽毛球馆&篮球馆",
        "osm_id": "way/1253865410",
        "layer": "building",
        "graph_node_id": "B140",
        "render_height_m": 29.0,
        "height_source": "OSM height"
      }
    },
    {
      "type": "Feature",
      "geometry": {
        "type": "Polygon",
        "coordinates": [
          [
            [
              112.9303478,
              28.1584099
            ],
            [
              112.9304031,
              28.158298
            ],
            [
              112.9304721,
              28.1582909
            ],
            [
              112.9304709,
              28.1579811
            ],
            [
              112.9303475,
              28.1579833
            ],
            [
              112.9300681,
              28.1578837
            ],
            [
              112.9300532,
              28.1579318
            ],
            [
              112.9303509,
              28.1580313
            ],
            [
              112.930203,
              28.1583645
            ],
            [
              112.9303478,
              28.1584099
            ]
          ]
        ]
      },
      "properties": {
        "building": "yes",
        "height": "6",
        "name": "平台",
        "osm_id": "way/1253865411",
        "layer": "building",
        "graph_node_id": "B141",
        "render_height_m": 6.0,
        "height_source": "OSM height"
      }
    },
    {
      "type": "Feature",
      "geometry": {
        "type": "Polygon",
        "coordinates": [
          [
            [
              112.935963,
              28.1530591
            ],
            [
              112.9359619,
              28.1526238
            ],
            [
              112.9359253,
              28.1526242
            ],
            [
              112.9359214,
              28.1530121
            ],
            [
              112.935963,
              28.1530591
            ]
          ]
        ]
      },
      "properties": {
        "building": "university",
        "building:levels": "3",
        "height": "9",
        "layer": "building",
        "osm_id": "way/1253896187",
        "graph_node_id": "B142",
        "render_height_m": 9.0,
        "height_source": "OSM height"
      }
    },
    {
      "type": "Feature",
      "geometry": {
        "type": "Polygon",
        "coordinates": [
          [
            [
              112.9363326,
              28.1530315
            ],
            [
              112.9363362,
              28.1526276
            ],
            [
              112.9362924,
              28.1526292
            ],
            [
              112.9362906,
              28.1530563
            ],
            [
              112.9363326,
              28.1530315
            ]
          ]
        ]
      },
      "properties": {
        "building": "university",
        "building:levels": "3",
        "height": "9",
        "layer": "building",
        "osm_id": "way/1253896188",
        "graph_node_id": "B143",
        "render_height_m": 9.0,
        "height_source": "OSM height"
      }
    },
    {
      "type": "Feature",
      "geometry": {
        "type": "Polygon",
        "coordinates": [
          [
            [
              112.9434106,
              28.1537376
            ],
            [
              112.9434237,
              28.1536915
            ],
            [
              112.9440476,
              28.1538019
            ],
            [
              112.9441653,
              28.1532814
            ],
            [
              112.9440749,
              28.1532821
            ],
            [
              112.9440754,
              28.1534492
            ],
            [
              112.9428131,
              28.1534525
            ],
            [
              112.9428166,
              28.1536322
            ],
            [
              112.9434106,
              28.1537376
            ]
          ]
        ]
      },
      "properties": {
        "building": "yes",
        "building:levels": "3",
        "osm_id": "way/1257104114",
        "layer": "building",
        "graph_node_id": "B144",
        "render_height_m": 9.0,
        "height_source": "OSM levels × 3 m"
      }
    },
    {
      "type": "Feature",
      "geometry": {
        "type": "Polygon",
        "coordinates": [
          [
            [
              112.9440754,
              28.1534492
            ],
            [
              112.9440749,
              28.1532821
            ],
            [
              112.9428125,
              28.1532856
            ],
            [
              112.9428131,
              28.1534525
            ],
            [
              112.9440754,
              28.1534492
            ]
          ]
        ]
      },
      "properties": {
        "building": "yes",
        "building:levels": "9",
        "osm_id": "way/1257104115",
        "layer": "building",
        "graph_node_id": "B145",
        "render_height_m": 27.0,
        "height_source": "OSM levels × 3 m"
      }
    },
    {
      "type": "Feature",
      "geometry": {
        "type": "Polygon",
        "coordinates": [
          [
            [
              112.9281659,
              28.1560157
            ],
            [
              112.9280834,
              28.1559451
            ],
            [
              112.9279547,
              28.1561097
            ],
            [
              112.9278238,
              28.1563727
            ],
            [
              112.9277466,
              28.1566792
            ],
            [
              112.9277358,
              28.156927
            ],
            [
              112.9277573,
              28.1571332
            ],
            [
              112.9278732,
              28.1574094
            ],
            [
              112.9280298,
              28.1576062
            ],
            [
              112.9280063,
              28.157632
            ],
            [
              112.9280585,
              28.1576736
            ],
            [
              112.9281192,
              28.1576119
            ],
            [
              112.9282379,
              28.1574849
            ],
            [
              112.9281935,
              28.1574066
            ],
            [
              112.9281491,
              28.1573002
            ],
            [
              112.9281245,
              28.156972
            ],
            [
              112.9281365,
              28.1565915
            ],
            [
              112.9281462,
              28.1565243
            ],
            [
              112.9281894,
              28.1562994
            ],
            [
              112.9282559,
              28.1560886
            ],
            [
              112.9281659,
              28.1560157
            ]
          ]
        ]
      },
      "properties": {
        "building": "yes",
        "layer": "building",
        "leisure": "sports_hall",
        "osm_id": "way/1304083515",
        "graph_node_id": "B146",
        "render_height_m": 12,
        "height_source": "示意高度 12 m"
      }
    },
    {
      "type": "Feature",
      "geometry": {
        "type": "Point",
        "coordinates": [
          112.9307918,
          28.1663689
        ]
      },
      "properties": {
        "building": "residential",
        "name": "金果村5号",
        "osm_id": "way/1436475429",
        "layer": "building",
        "graph_node_id": "B147",
        "render_height_m": 12,
        "height_source": "示意高度 12 m"
      }
    },
    {
      "type": "Feature",
      "geometry": {
        "type": "Polygon",
        "coordinates": [
          [
            [
              112.9285195,
              28.1649557
            ],
            [
              112.9285166,
              28.1651202
            ],
            [
              112.9289258,
              28.1651259
            ],
            [
              112.9289288,
              28.1649613
            ],
            [
              112.9285195,
              28.1649557
            ]
          ]
        ]
      },
      "properties": {
        "building": "apartments",
        "building:levels": "5",
        "height": "17.8",
        "name": "升华学生公寓38栋",
        "osm_id": "way/1536430945",
        "layer": "building",
        "graph_node_id": "B148",
        "render_height_m": 17.8,
        "height_source": "OSM height"
      }
    },
    {
      "type": "Feature",
      "geometry": {
        "type": "Polygon",
        "coordinates": [
          [
            [
              112.9289881,
              28.1651273
            ],
            [
              112.9294752,
              28.1651336
            ],
            [
              112.9294763,
              28.1650675
            ],
            [
              112.9295598,
              28.1650686
            ],
            [
              112.9295615,
              28.1649674
            ],
            [
              112.9289909,
              28.1649601
            ],
            [
              112.9289881,
              28.1651273
            ]
          ]
        ]
      },
      "properties": {
        "building": "apartments",
        "building:levels": "5",
        "height": "17.8",
        "name": "升华学生公寓37栋",
        "osm_id": "way/1536430946",
        "layer": "building",
        "graph_node_id": "B149",
        "render_height_m": 17.8,
        "height_source": "OSM height"
      }
    },
    {
      "type": "Feature",
      "geometry": {
        "type": "Polygon",
        "coordinates": [
          [
            [
              112.9286999,
              28.1652576
            ],
            [
              112.9287017,
              28.1651704
            ],
            [
              112.9285735,
              28.1651683
            ],
            [
              112.9285717,
              28.1652555
            ],
            [
              112.9286999,
              28.1652576
            ]
          ]
        ]
      },
      "properties": {
        "building": "apartments",
        "osm_id": "way/1536430948",
        "layer": "building",
        "graph_node_id": "B150",
        "render_height_m": 12,
        "height_source": "示意高度 12 m"
      }
    },
    {
      "type": "Feature",
      "geometry": {
        "type": "Polygon",
        "coordinates": [
          [
            [
              112.9313551,
              28.1633692
            ],
            [
              112.9313461,
              28.1634662
            ],
            [
              112.931155,
              28.1634524
            ],
            [
              112.9311679,
              28.1633134
            ],
            [
              112.9310916,
              28.1633079
            ],
            [
              112.9311112,
              28.163097
            ],
            [
              112.9311859,
              28.1631024
            ],
            [
              112.9312001,
              28.1629496
            ],
            [
              112.9313617,
              28.1629614
            ],
            [
              112.9313516,
              28.1630696
            ],
            [
              112.9320319,
              28.1631191
            ],
            [
              112.9320594,
              28.1628255
            ],
            [
              112.9313797,
              28.1627761
            ],
            [
              112.9313693,
              28.162887
            ],
            [
              112.9310774,
              28.1628658
            ],
            [
              112.9310735,
              28.1629075
            ],
            [
              112.930898,
              28.1628947
            ],
            [
              112.9308836,
              28.1630496
            ],
            [
              112.9310193,
              28.1630594
            ],
            [
              112.9309964,
              28.1633044
            ],
            [
              112.9307166,
              28.1632841
            ],
            [
              112.9306885,
              28.1635847
            ],
            [
              112.93113,
              28.1636167
            ],
            [
              112.9311387,
              28.1635234
            ],
            [
              112.9313379,
              28.1635378
            ],
            [
              112.9313279,
              28.1636457
            ],
            [
              112.9319794,
              28.1636927
            ],
            [
              112.9320051,
              28.1634161
            ],
            [
              112.9313551,
              28.1633692
            ]
          ]
        ]
      },
      "properties": {
        "building": "construction",
        "osm_id": "way/1536430950",
        "layer": "building",
        "graph_node_id": "B151",
        "render_height_m": 12,
        "height_source": "示意高度 12 m"
      }
    },
    {
      "type": "Feature",
      "geometry": {
        "type": "Polygon",
        "coordinates": [
          [
            [
              112.9329599,
              28.162318
            ],
            [
              112.9329405,
              28.1624924
            ],
            [
              112.9334274,
              28.1625346
            ],
            [
              112.9334469,
              28.1623602
            ],
            [
              112.9329599,
              28.162318
            ]
          ]
        ]
      },
      "properties": {
        "building": "apartments",
        "name": "升华学生公寓44栋",
        "osm_id": "way/1536430951",
        "layer": "building",
        "graph_node_id": "B152",
        "render_height_m": 12,
        "height_source": "示意高度 12 m"
      }
    },
    {
      "type": "Feature",
      "geometry": {
        "type": "Polygon",
        "coordinates": [
          [
            [
              112.9324652,
              28.1623211
            ],
            [
              112.9325081,
              28.1623246
            ],
            [
              112.9328755,
              28.1623544
            ],
            [
              112.9328904,
              28.1621828
            ],
            [
              112.9324412,
              28.162144
            ],
            [
              112.9324219,
              28.1623176
            ],
            [
              112.9324652,
              28.1623211
            ]
          ]
        ]
      },
      "properties": {
        "building": "apartments",
        "name": "升华学生公寓43栋",
        "osm_id": "way/1536430952",
        "layer": "building",
        "graph_node_id": "B153",
        "render_height_m": 12,
        "height_source": "示意高度 12 m"
      }
    },
    {
      "type": "Feature",
      "geometry": {
        "type": "Polygon",
        "coordinates": [
          [
            [
              112.9325491,
              28.162365
            ],
            [
              112.9325035,
              28.1623622
            ],
            [
              112.9325081,
              28.1623246
            ],
            [
              112.9324652,
              28.1623211
            ],
            [
              112.9324615,
              28.1623591
            ],
            [
              112.9324491,
              28.1623572
            ],
            [
              112.9324389,
              28.1624539
            ],
            [
              112.9324504,
              28.1624551
            ],
            [
              112.9324434,
              28.1625137
            ],
            [
              112.9324903,
              28.1625178
            ],
            [
              112.9324951,
              28.1624594
            ],
            [
              112.932538,
              28.162464
            ],
            [
              112.9325491,
              28.162365
            ]
          ]
        ]
      },
      "properties": {
        "building": "apartments",
        "osm_id": "way/1536430953",
        "layer": "building",
        "graph_node_id": "B154",
        "render_height_m": 12,
        "height_source": "示意高度 12 m"
      }
    },
    {
      "type": "Feature",
      "geometry": {
        "type": "Polygon",
        "coordinates": [
          [
            [
              112.9344361,
              28.1526008
            ],
            [
              112.9344363,
              28.152569
            ],
            [
              112.9348379,
              28.1525713
            ],
            [
              112.9348403,
              28.1522435
            ],
            [
              112.9347783,
              28.1522431
            ],
            [
              112.93478,
              28.1520134
            ],
            [
              112.9342276,
              28.1520101
            ],
            [
              112.9342232,
              28.1525995
            ],
            [
              112.9344361,
              28.1526008
            ]
          ]
        ]
      },
      "properties": {
        "building": "yes",
        "osm_id": "way/1546451604",
        "layer": "building",
        "graph_node_id": "B155",
        "render_height_m": 12,
        "height_source": "示意高度 12 m"
      }
    },
    {
      "type": "Feature",
      "geometry": {
        "type": "Polygon",
        "coordinates": [
          [
            [
              112.9391376,
              28.1507091
            ],
            [
              112.9391934,
              28.1505887
            ],
            [
              112.9394292,
              28.1506736
            ],
            [
              112.9393987,
              28.1507395
            ],
            [
              112.9394801,
              28.1507689
            ],
            [
              112.9395446,
              28.1506297
            ],
            [
              112.9391573,
              28.1504901
            ],
            [
              112.9390675,
              28.1506838
            ],
            [
              112.9391376,
              28.1507091
            ]
          ]
        ]
      },
      "properties": {
        "building": "yes",
        "osm_id": "way/1552365348",
        "layer": "building",
        "graph_node_id": "B156",
        "render_height_m": 12,
        "height_source": "示意高度 12 m"
      }
    },
    {
      "type": "Feature",
      "geometry": {
        "type": "Polygon",
        "coordinates": [
          [
            [
              112.939028,
              28.1506625
            ],
            [
              112.9390559,
              28.150602
            ],
            [
              112.9389476,
              28.1505631
            ],
            [
              112.9389197,
              28.1506236
            ],
            [
              112.939028,
              28.1506625
            ]
          ]
        ]
      },
      "properties": {
        "building": "yes",
        "osm_id": "way/1552365349",
        "layer": "building",
        "graph_node_id": "B157",
        "render_height_m": 12,
        "height_source": "示意高度 12 m"
      }
    },
    {
      "type": "Feature",
      "geometry": {
        "type": "Polygon",
        "coordinates": [
          [
            [
              112.9389757,
              28.1505136
            ],
            [
              112.938999,
              28.1503514
            ],
            [
              112.9389265,
              28.1503433
            ],
            [
              112.9389031,
              28.1505055
            ],
            [
              112.9389757,
              28.1505136
            ]
          ]
        ]
      },
      "properties": {
        "building": "yes",
        "osm_id": "way/1552365350",
        "layer": "building",
        "graph_node_id": "B158",
        "render_height_m": 12,
        "height_source": "示意高度 12 m"
      }
    },
    {
      "type": "Feature",
      "geometry": {
        "type": "Polygon",
        "coordinates": [
          [
            [
              112.9391457,
              28.1502745
            ],
            [
              112.9389719,
              28.1502162
            ],
            [
              112.9389461,
              28.1502759
            ],
            [
              112.9391199,
              28.1503343
            ],
            [
              112.9391457,
              28.1502745
            ]
          ]
        ]
      },
      "properties": {
        "building": "yes",
        "osm_id": "way/1552365351",
        "layer": "building",
        "graph_node_id": "B159",
        "render_height_m": 12,
        "height_source": "示意高度 12 m"
      }
    },
    {
      "type": "Feature",
      "geometry": {
        "type": "Polygon",
        "coordinates": [
          [
            [
              112.9395974,
              28.1504909
            ],
            [
              112.9396233,
              28.1504324
            ],
            [
              112.9392146,
              28.1502919
            ],
            [
              112.9391887,
              28.1503504
            ],
            [
              112.9395974,
              28.1504909
            ]
          ]
        ]
      },
      "properties": {
        "building": "yes",
        "osm_id": "way/1552365352",
        "layer": "building",
        "graph_node_id": "B160",
        "render_height_m": 12,
        "height_source": "示意高度 12 m"
      }
    },
    {
      "type": "Feature",
      "geometry": {
        "type": "Polygon",
        "coordinates": [
          [
            [
              112.9395504,
              28.1505989
            ],
            [
              112.9395789,
              28.1505359
            ],
            [
              112.9390638,
              28.1503547
            ],
            [
              112.9390353,
              28.1504176
            ],
            [
              112.9395504,
              28.1505989
            ]
          ]
        ]
      },
      "properties": {
        "building": "yes",
        "osm_id": "way/1552365353",
        "layer": "building",
        "graph_node_id": "B161",
        "render_height_m": 12,
        "height_source": "示意高度 12 m"
      }
    }
  ]
}