{
  "type": "FeatureCollection",
  "features": [
    {
      "type": "Feature",
      "geometry": {
        "type": "Point",
        "coordinates": [
          112.9289066391044,
          28.161002996462333
        ]
      },
      "properties": {
        "id": "A001",
        "node_class": 0,
        "kind": "boundary",
        "degree": 1,
        "osm_node_id": null
      }
    },
    {
      "type": "Feature",
      "geometry": {
        "type": "Point",
        "coordinates": [
          112.94561581040084,
          28.154206602358276
        ]
      },
      "properties": {
        "id": "A002",
        "node_class": 0,
        "kind": "boundary",
        "degree": 1,
        "osm_node_id": null
      }
    },
    {
      "type": "Feature",
      "geometry": {
        "type": "Point",
        "coordinates": [
          112.9456174951459,
          28.154298283121257
        ]
      },
      "properties": {
        "id": "A003",
        "node_class": 0,
        "kind": "boundary",
        "degree": 1,
        "osm_node_id": null
      }
    },
    {
      "type": "Feature",
      "geometry": {
        "type": "Point",
        "coordinates": [
          112.92901278568543,
          28.16094478978401
        ]
      },
      "properties": {
        "id": "A004",
        "node_class": 0,
        "kind": "boundary",
        "degree": 1,
        "osm_node_id": null
      }
    },
    {
      "type": "Feature",
      "geometry": {
        "type": "Point",
        "coordinates": [
          112.93172171003066,
          28.151061943887964
        ]
      },
      "properties": {
        "id": "A005",
        "node_class": 0,
        "kind": "boundary",
        "degree": 1,
        "osm_node_id": null
      }
    },
    {
      "type": "Feature",
      "geometry": {
        "type": "Point",
        "coordinates": [
          112.92917184351529,
          28.161137323850713
        ]
      },
      "properties": {
        "id": "A006",
        "node_class": 0,
        "kind": "boundary",
        "degree": 1,
        "osm_node_id": null
      }
    },
    {
      "type": "Feature",
      "geometry": {
        "type": "Point",
        "coordinates": [
          112.93109920878484,
          28.1685132395608
        ]
      },
      "properties": {
        "id": "A007",
        "node_class": 0,
        "kind": "boundary",
        "degree": 1,
        "osm_node_id": null
      }
    },
    {
      "type": "Feature",
      "geometry": {
        "type": "Point",
        "coordinates": [
          112.92699780029704,
          28.15492153222164
        ]
      },
      "properties": {
        "id": "A008",
        "node_class": 0,
        "kind": "boundary",
        "degree": 1,
        "osm_node_id": null
      }
    },
    {
      "type": "Feature",
      "geometry": {
        "type": "Point",
        "coordinates": [
          112.92946418878921,
          28.154850585783198
        ]
      },
      "properties": {
        "id": "A009",
        "node_class": 0,
        "kind": "boundary",
        "degree": 1,
        "osm_node_id": null
      }
    },
    {
      "type": "Feature",
      "geometry": {
        "type": "Point",
        "coordinates": [
          112.92699929283081,
          28.155046214069763
        ]
      },
      "properties": {
        "id": "A010",
        "node_class": 0,
        "kind": "boundary",
        "degree": 1,
        "osm_node_id": null
      }
    },
    {
      "type": "Feature",
      "geometry": {
        "type": "Point",
        "coordinates": [
          112.92949317403941,
          28.15493706375494
        ]
      },
      "properties": {
        "id": "A011",
        "node_class": 0,
        "kind": "boundary",
        "degree": 1,
        "osm_node_id": null
      }
    },
    {
      "type": "Feature",
      "geometry": {
        "type": "Point",
        "coordinates": [
          112.93334193067636,
          28.16181630382738
        ]
      },
      "properties": {
        "id": "A012",
        "node_class": 0,
        "kind": "boundary",
        "degree": 1,
        "osm_node_id": null
      }
    },
    {
      "type": "Feature",
      "geometry": {
        "type": "Point",
        "coordinates": [
          112.93192135333769,
          28.157128557266322
        ]
      },
      "properties": {
        "id": "A013",
        "node_class": 0,
        "kind": "boundary",
        "degree": 1,
        "osm_node_id": null
      }
    },
    {
      "type": "Feature",
      "geometry": {
        "type": "Point",
        "coordinates": [
          112.93592367897372,
          28.1545285647659
        ]
      },
      "properties": {
        "id": "A014",
        "node_class": 0,
        "kind": "boundary",
        "degree": 1,
        "osm_node_id": null
      }
    },
    {
      "type": "Feature",
      "geometry": {
        "type": "Point",
        "coordinates": [
          112.93182625459195,
          28.151061165160097
        ]
      },
      "properties": {
        "id": "A015",
        "node_class": 0,
        "kind": "boundary",
        "degree": 1,
        "osm_node_id": null
      }
    },
    {
      "type": "Feature",
      "geometry": {
        "type": "Point",
        "coordinates": [
          112.92920678422865,
          28.161109056159127
        ]
      },
      "properties": {
        "id": "A016",
        "node_class": 0,
        "kind": "boundary",
        "degree": 1,
        "osm_node_id": null
      }
    },
    {
      "type": "Feature",
      "geometry": {
        "type": "Point",
        "coordinates": [
          112.93054183592889,
          28.160068265423302
        ]
      },
      "properties": {
        "id": "A017",
        "node_class": 0,
        "kind": "boundary",
        "degree": 1,
        "osm_node_id": null
      }
    },
    {
      "type": "Feature",
      "geometry": {
        "type": "Point",
        "coordinates": [
          112.9310449984867,
          28.168496479998
        ]
      },
      "properties": {
        "id": "A018",
        "node_class": 0,
        "kind": "boundary",
        "degree": 1,
        "osm_node_id": null
      }
    },
    {
      "type": "Feature",
      "geometry": {
        "type": "Point",
        "coordinates": [
          112.93038283300952,
          28.159888281538397
        ]
      },
      "properties": {
        "id": "A019",
        "node_class": 0,
        "kind": "boundary",
        "degree": 1,
        "osm_node_id": null
      }
    },
    {
      "type": "Feature",
      "geometry": {
        "type": "Point",
        "coordinates": [
          112.93056324159032,
          28.160052544851588
        ]
      },
      "properties": {
        "id": "A020",
        "node_class": 0,
        "kind": "boundary",
        "degree": 1,
        "osm_node_id": null
      }
    },
    {
      "type": "Feature",
      "geometry": {
        "type": "Point",
        "coordinates": [
          112.9328407,
          28.1630012
        ]
      },
      "properties": {
        "id": "J001",
        "node_class": 1,
        "kind": "intersection",
        "degree": 3,
        "osm_node_id": "10994902452"
      }
    },
    {
      "type": "Feature",
      "geometry": {
        "type": "Point",
        "coordinates": [
          112.9327927,
          28.1634218
        ]
      },
      "properties": {
        "id": "A021",
        "node_class": 0,
        "kind": "continuation",
        "degree": 2,
        "osm_node_id": "10994902453"
      }
    },
    {
      "type": "Feature",
      "geometry": {
        "type": "Point",
        "coordinates": [
          112.9329453,
          28.1620625
        ]
      },
      "properties": {
        "id": "J002",
        "node_class": 1,
        "kind": "intersection",
        "degree": 3,
        "osm_node_id": "10994902455"
      }
    },
    {
      "type": "Feature",
      "geometry": {
        "type": "Point",
        "coordinates": [
          112.9335971,
          28.1630556
        ]
      },
      "properties": {
        "id": "A022",
        "node_class": 0,
        "kind": "endpoint",
        "degree": 1,
        "osm_node_id": "10994902457"
      }
    },
    {
      "type": "Feature",
      "geometry": {
        "type": "Point",
        "coordinates": [
          112.9374879,
          28.1539559
        ]
      },
      "properties": {
        "id": "J003",
        "node_class": 1,
        "kind": "intersection",
        "degree": 3,
        "osm_node_id": "11655806638"
      }
    },
    {
      "type": "Feature",
      "geometry": {
        "type": "Point",
        "coordinates": [
          112.9374165,
          28.1539583
        ]
      },
      "properties": {
        "id": "A023",
        "node_class": 0,
        "kind": "endpoint",
        "degree": 1,
        "osm_node_id": "11655806639"
      }
    },
    {
      "type": "Feature",
      "geometry": {
        "type": "Point",
        "coordinates": [
          112.9374175,
          28.1537796
        ]
      },
      "properties": {
        "id": "A024",
        "node_class": 0,
        "kind": "endpoint",
        "degree": 1,
        "osm_node_id": "11655806640"
      }
    },
    {
      "type": "Feature",
      "geometry": {
        "type": "Point",
        "coordinates": [
          112.9374901,
          28.1537796
        ]
      },
      "properties": {
        "id": "J004",
        "node_class": 1,
        "kind": "intersection",
        "degree": 3,
        "osm_node_id": "11655806641"
      }
    },
    {
      "type": "Feature",
      "geometry": {
        "type": "Point",
        "coordinates": [
          112.9272129,
          28.1578465
        ]
      },
      "properties": {
        "id": "J005",
        "node_class": 1,
        "kind": "intersection",
        "degree": 3,
        "osm_node_id": "11655823332"
      }
    },
    {
      "type": "Feature",
      "geometry": {
        "type": "Point",
        "coordinates": [
          112.9272403,
          28.1555917
        ]
      },
      "properties": {
        "id": "J006",
        "node_class": 1,
        "kind": "intersection",
        "degree": 3,
        "osm_node_id": "11655823333"
      }
    },
    {
      "type": "Feature",
      "geometry": {
        "type": "Point",
        "coordinates": [
          112.9295447,
          28.1555092
        ]
      },
      "properties": {
        "id": "J007",
        "node_class": 1,
        "kind": "intersection",
        "degree": 3,
        "osm_node_id": "11655823334"
      }
    },
    {
      "type": "Feature",
      "geometry": {
        "type": "Point",
        "coordinates": [
          112.9271618,
          28.1612274
        ]
      },
      "properties": {
        "id": "J008",
        "node_class": 1,
        "kind": "intersection",
        "degree": 3,
        "osm_node_id": "12019966721"
      }
    },
    {
      "type": "Feature",
      "geometry": {
        "type": "Point",
        "coordinates": [
          112.9339664,
          28.1520144
        ]
      },
      "properties": {
        "id": "J009",
        "node_class": 1,
        "kind": "intersection",
        "degree": 3,
        "osm_node_id": "12595614918"
      }
    },
    {
      "type": "Feature",
      "geometry": {
        "type": "Point",
        "coordinates": [
          112.9302113,
          28.1645546
        ]
      },
      "properties": {
        "id": "J010",
        "node_class": 1,
        "kind": "intersection",
        "degree": 4,
        "osm_node_id": "13996842139"
      }
    },
    {
      "type": "Feature",
      "geometry": {
        "type": "Point",
        "coordinates": [
          112.9284426,
          28.165142
        ]
      },
      "properties": {
        "id": "J011",
        "node_class": 1,
        "kind": "intersection",
        "degree": 3,
        "osm_node_id": "13996842152"
      }
    },
    {
      "type": "Feature",
      "geometry": {
        "type": "Point",
        "coordinates": [
          112.9311583,
          28.1626369
        ]
      },
      "properties": {
        "id": "A025",
        "node_class": 0,
        "kind": "endpoint",
        "degree": 1,
        "osm_node_id": "13996842185"
      }
    },
    {
      "type": "Feature",
      "geometry": {
        "type": "Point",
        "coordinates": [
          112.9323898,
          28.1620207
        ]
      },
      "properties": {
        "id": "J012",
        "node_class": 1,
        "kind": "intersection",
        "degree": 3,
        "osm_node_id": "13996867834"
      }
    },
    {
      "type": "Feature",
      "geometry": {
        "type": "Point",
        "coordinates": [
          112.9334232,
          28.1625993
        ]
      },
      "properties": {
        "id": "A026",
        "node_class": 0,
        "kind": "endpoint",
        "degree": 1,
        "osm_node_id": "13996867848"
      }
    },
    {
      "type": "Feature",
      "geometry": {
        "type": "Point",
        "coordinates": [
          112.9328899,
          28.1625541
        ]
      },
      "properties": {
        "id": "J013",
        "node_class": 1,
        "kind": "intersection",
        "degree": 3,
        "osm_node_id": "13996867849"
      }
    },
    {
      "type": "Feature",
      "geometry": {
        "type": "Point",
        "coordinates": [
          112.9328526,
          28.1628907
        ]
      },
      "properties": {
        "id": "J014",
        "node_class": 1,
        "kind": "intersection",
        "degree": 3,
        "osm_node_id": "13996867850"
      }
    },
    {
      "type": "Feature",
      "geometry": {
        "type": "Point",
        "coordinates": [
          112.9322977,
          28.1628437
        ]
      },
      "properties": {
        "id": "J015",
        "node_class": 1,
        "kind": "intersection",
        "degree": 3,
        "osm_node_id": "13996867851"
      }
    },
    {
      "type": "Feature",
      "geometry": {
        "type": "Point",
        "coordinates": [
          112.93224,
          28.1633798
        ]
      },
      "properties": {
        "id": "J016",
        "node_class": 1,
        "kind": "intersection",
        "degree": 3,
        "osm_node_id": "13996867852"
      }
    },
    {
      "type": "Feature",
      "geometry": {
        "type": "Point",
        "coordinates": [
          112.9443155,
          28.1531619
        ]
      },
      "properties": {
        "id": "J017",
        "node_class": 1,
        "kind": "intersection",
        "degree": 3,
        "osm_node_id": "14083655044"
      }
    },
    {
      "type": "Feature",
      "geometry": {
        "type": "Point",
        "coordinates": [
          112.9441719,
          28.153809
        ]
      },
      "properties": {
        "id": "A027",
        "node_class": 0,
        "kind": "endpoint",
        "degree": 1,
        "osm_node_id": "14083655045"
      }
    },
    {
      "type": "Feature",
      "geometry": {
        "type": "Point",
        "coordinates": [
          112.9299687,
          28.1619123
        ]
      },
      "properties": {
        "id": "J018",
        "node_class": 1,
        "kind": "intersection",
        "degree": 3,
        "osm_node_id": "1658714407"
      }
    },
    {
      "type": "Feature",
      "geometry": {
        "type": "Point",
        "coordinates": [
          112.9313154,
          28.1620918
        ]
      },
      "properties": {
        "id": "J019",
        "node_class": 1,
        "kind": "intersection",
        "degree": 4,
        "osm_node_id": "1658726496"
      }
    },
    {
      "type": "Feature",
      "geometry": {
        "type": "Point",
        "coordinates": [
          112.9323112,
          28.1627174
        ]
      },
      "properties": {
        "id": "J020",
        "node_class": 1,
        "kind": "intersection",
        "degree": 3,
        "osm_node_id": "1659009941"
      }
    },
    {
      "type": "Feature",
      "geometry": {
        "type": "Point",
        "coordinates": [
          112.9289978,
          28.1618004
        ]
      },
      "properties": {
        "id": "A028",
        "node_class": 0,
        "kind": "endpoint",
        "degree": 1,
        "osm_node_id": "1659009942"
      }
    },
    {
      "type": "Feature",
      "geometry": {
        "type": "Point",
        "coordinates": [
          112.9305396,
          28.1616467
        ]
      },
      "properties": {
        "id": "J021",
        "node_class": 1,
        "kind": "intersection",
        "degree": 3,
        "osm_node_id": "1659009944"
      }
    },
    {
      "type": "Feature",
      "geometry": {
        "type": "Point",
        "coordinates": [
          112.9304732,
          28.1614799
        ]
      },
      "properties": {
        "id": "J022",
        "node_class": 1,
        "kind": "intersection",
        "degree": 3,
        "osm_node_id": "1659009945"
      }
    },
    {
      "type": "Feature",
      "geometry": {
        "type": "Point",
        "coordinates": [
          112.9303704,
          28.1627147
        ]
      },
      "properties": {
        "id": "A029",
        "node_class": 0,
        "kind": "continuation",
        "degree": 2,
        "osm_node_id": "1659009950"
      }
    },
    {
      "type": "Feature",
      "geometry": {
        "type": "Point",
        "coordinates": [
          112.9303747,
          28.1621037
        ]
      },
      "properties": {
        "id": "J023",
        "node_class": 1,
        "kind": "intersection",
        "degree": 3,
        "osm_node_id": "1659009951"
      }
    },
    {
      "type": "Feature",
      "geometry": {
        "type": "Point",
        "coordinates": [
          112.9301795,
          28.1605095
        ]
      },
      "properties": {
        "id": "A030",
        "node_class": 0,
        "kind": "endpoint",
        "degree": 1,
        "osm_node_id": "1659009952"
      }
    },
    {
      "type": "Feature",
      "geometry": {
        "type": "Point",
        "coordinates": [
          112.9304916,
          28.1608821
        ]
      },
      "properties": {
        "id": "J024",
        "node_class": 1,
        "kind": "intersection",
        "degree": 3,
        "osm_node_id": "1659009955"
      }
    },
    {
      "type": "Feature",
      "geometry": {
        "type": "Point",
        "coordinates": [
          112.9303734,
          28.1624359
        ]
      },
      "properties": {
        "id": "J025",
        "node_class": 1,
        "kind": "intersection",
        "degree": 3,
        "osm_node_id": "1659009956"
      }
    },
    {
      "type": "Feature",
      "geometry": {
        "type": "Point",
        "coordinates": [
          112.9323087,
          28.1619939
        ]
      },
      "properties": {
        "id": "J026",
        "node_class": 1,
        "kind": "intersection",
        "degree": 3,
        "osm_node_id": "1659009958"
      }
    },
    {
      "type": "Feature",
      "geometry": {
        "type": "Point",
        "coordinates": [
          112.9296027,
          28.1621178
        ]
      },
      "properties": {
        "id": "J027",
        "node_class": 1,
        "kind": "intersection",
        "degree": 3,
        "osm_node_id": "1659009959"
      }
    },
    {
      "type": "Feature",
      "geometry": {
        "type": "Point",
        "coordinates": [
          112.9293533,
          28.1624107
        ]
      },
      "properties": {
        "id": "J028",
        "node_class": 1,
        "kind": "intersection",
        "degree": 3,
        "osm_node_id": "1659009960"
      }
    },
    {
      "type": "Feature",
      "geometry": {
        "type": "Point",
        "coordinates": [
          112.9303394,
          28.1617723
        ]
      },
      "properties": {
        "id": "J029",
        "node_class": 1,
        "kind": "intersection",
        "degree": 3,
        "osm_node_id": "1659009964"
      }
    },
    {
      "type": "Feature",
      "geometry": {
        "type": "Point",
        "coordinates": [
          112.9319268,
          28.160916
        ]
      },
      "properties": {
        "id": "A031",
        "node_class": 0,
        "kind": "endpoint",
        "degree": 1,
        "osm_node_id": "1659009965"
      }
    },
    {
      "type": "Feature",
      "geometry": {
        "type": "Point",
        "coordinates": [
          112.9313145,
          28.1619132
        ]
      },
      "properties": {
        "id": "J030",
        "node_class": 1,
        "kind": "intersection",
        "degree": 3,
        "osm_node_id": "1659009966"
      }
    },
    {
      "type": "Feature",
      "geometry": {
        "type": "Point",
        "coordinates": [
          112.9318789,
          28.162686
        ]
      },
      "properties": {
        "id": "J031",
        "node_class": 1,
        "kind": "intersection",
        "degree": 3,
        "osm_node_id": "1659009967"
      }
    },
    {
      "type": "Feature",
      "geometry": {
        "type": "Point",
        "coordinates": [
          112.9311368,
          28.1608771
        ]
      },
      "properties": {
        "id": "J032",
        "node_class": 1,
        "kind": "intersection",
        "degree": 4,
        "osm_node_id": "1659009973"
      }
    },
    {
      "type": "Feature",
      "geometry": {
        "type": "Point",
        "coordinates": [
          112.9312855,
          28.1615509
        ]
      },
      "properties": {
        "id": "J033",
        "node_class": 1,
        "kind": "intersection",
        "degree": 3,
        "osm_node_id": "1659009975"
      }
    },
    {
      "type": "Feature",
      "geometry": {
        "type": "Point",
        "coordinates": [
          112.9311659,
          28.1609167
        ]
      },
      "properties": {
        "id": "J034",
        "node_class": 1,
        "kind": "intersection",
        "degree": 3,
        "osm_node_id": "1659009977"
      }
    },
    {
      "type": "Feature",
      "geometry": {
        "type": "Point",
        "coordinates": [
          112.9307942,
          28.1605094
        ]
      },
      "properties": {
        "id": "J035",
        "node_class": 1,
        "kind": "intersection",
        "degree": 3,
        "osm_node_id": "1659009980"
      }
    },
    {
      "type": "Feature",
      "geometry": {
        "type": "Point",
        "coordinates": [
          112.9311135,
          28.1624289
        ]
      },
      "properties": {
        "id": "J036",
        "node_class": 1,
        "kind": "intersection",
        "degree": 3,
        "osm_node_id": "1659009983"
      }
    },
    {
      "type": "Feature",
      "geometry": {
        "type": "Point",
        "coordinates": [
          112.9311044,
          28.1603503
        ]
      },
      "properties": {
        "id": "A032",
        "node_class": 0,
        "kind": "continuation",
        "degree": 2,
        "osm_node_id": "1659009984"
      }
    },
    {
      "type": "Feature",
      "geometry": {
        "type": "Point",
        "coordinates": [
          112.931582,
          28.1619662
        ]
      },
      "properties": {
        "id": "J037",
        "node_class": 1,
        "kind": "intersection",
        "degree": 3,
        "osm_node_id": "1659009987"
      }
    },
    {
      "type": "Feature",
      "geometry": {
        "type": "Point",
        "coordinates": [
          112.9283051,
          28.1621537
        ]
      },
      "properties": {
        "id": "J038",
        "node_class": 1,
        "kind": "intersection",
        "degree": 3,
        "osm_node_id": "1659009988"
      }
    },
    {
      "type": "Feature",
      "geometry": {
        "type": "Point",
        "coordinates": [
          112.9314419,
          28.1619793
        ]
      },
      "properties": {
        "id": "J039",
        "node_class": 1,
        "kind": "intersection",
        "degree": 3,
        "osm_node_id": "1659009993"
      }
    },
    {
      "type": "Feature",
      "geometry": {
        "type": "Point",
        "coordinates": [
          112.9307004,
          28.16059
        ]
      },
      "properties": {
        "id": "A033",
        "node_class": 0,
        "kind": "continuation",
        "degree": 2,
        "osm_node_id": "1659009995"
      }
    },
    {
      "type": "Feature",
      "geometry": {
        "type": "Point",
        "coordinates": [
          112.931592,
          28.1649388
        ]
      },
      "properties": {
        "id": "J040",
        "node_class": 1,
        "kind": "intersection",
        "degree": 3,
        "osm_node_id": "1659032363"
      }
    },
    {
      "type": "Feature",
      "geometry": {
        "type": "Point",
        "coordinates": [
          112.9313866,
          28.1648037
        ]
      },
      "properties": {
        "id": "J041",
        "node_class": 1,
        "kind": "intersection",
        "degree": 3,
        "osm_node_id": "1659032368"
      }
    },
    {
      "type": "Feature",
      "geometry": {
        "type": "Point",
        "coordinates": [
          112.9339674,
          28.1650948
        ]
      },
      "properties": {
        "id": "A034",
        "node_class": 0,
        "kind": "endpoint",
        "degree": 1,
        "osm_node_id": "1659032378"
      }
    },
    {
      "type": "Feature",
      "geometry": {
        "type": "Point",
        "coordinates": [
          112.9321936,
          28.1637989
        ]
      },
      "properties": {
        "id": "J042",
        "node_class": 1,
        "kind": "intersection",
        "degree": 3,
        "osm_node_id": "1659032399"
      }
    },
    {
      "type": "Feature",
      "geometry": {
        "type": "Point",
        "coordinates": [
          112.9292375,
          28.1632438
        ]
      },
      "properties": {
        "id": "A035",
        "node_class": 0,
        "kind": "continuation",
        "degree": 2,
        "osm_node_id": "1659032424"
      }
    },
    {
      "type": "Feature",
      "geometry": {
        "type": "Point",
        "coordinates": [
          112.9309714,
          28.1638525
        ]
      },
      "properties": {
        "id": "A036",
        "node_class": 0,
        "kind": "continuation",
        "degree": 2,
        "osm_node_id": "1659032447"
      }
    },
    {
      "type": "Feature",
      "geometry": {
        "type": "Point",
        "coordinates": [
          112.9294344,
          28.1629163
        ]
      },
      "properties": {
        "id": "A037",
        "node_class": 0,
        "kind": "endpoint",
        "degree": 1,
        "osm_node_id": "1659032472"
      }
    },
    {
      "type": "Feature",
      "geometry": {
        "type": "Point",
        "coordinates": [
          112.9314882,
          28.1647707
        ]
      },
      "properties": {
        "id": "J043",
        "node_class": 1,
        "kind": "intersection",
        "degree": 3,
        "osm_node_id": "1659032475"
      }
    },
    {
      "type": "Feature",
      "geometry": {
        "type": "Point",
        "coordinates": [
          112.9291362,
          28.1627364
        ]
      },
      "properties": {
        "id": "J044",
        "node_class": 1,
        "kind": "intersection",
        "degree": 3,
        "osm_node_id": "1659032504"
      }
    },
    {
      "type": "Feature",
      "geometry": {
        "type": "Point",
        "coordinates": [
          112.9298565,
          28.1627154
        ]
      },
      "properties": {
        "id": "J045",
        "node_class": 1,
        "kind": "intersection",
        "degree": 3,
        "osm_node_id": "1659032513"
      }
    },
    {
      "type": "Feature",
      "geometry": {
        "type": "Point",
        "coordinates": [
          112.9292238,
          28.1629152
        ]
      },
      "properties": {
        "id": "J046",
        "node_class": 1,
        "kind": "intersection",
        "degree": 3,
        "osm_node_id": "1659032519"
      }
    },
    {
      "type": "Feature",
      "geometry": {
        "type": "Point",
        "coordinates": [
          112.9313666,
          28.1649398
        ]
      },
      "properties": {
        "id": "J047",
        "node_class": 1,
        "kind": "intersection",
        "degree": 4,
        "osm_node_id": "1659032527"
      }
    },
    {
      "type": "Feature",
      "geometry": {
        "type": "Point",
        "coordinates": [
          112.9296737,
          28.1637973
        ]
      },
      "properties": {
        "id": "J048",
        "node_class": 1,
        "kind": "intersection",
        "degree": 3,
        "osm_node_id": "1659032533"
      }
    },
    {
      "type": "Feature",
      "geometry": {
        "type": "Point",
        "coordinates": [
          112.9286459,
          28.163766
        ]
      },
      "properties": {
        "id": "J049",
        "node_class": 1,
        "kind": "intersection",
        "degree": 4,
        "osm_node_id": "1659032538"
      }
    },
    {
      "type": "Feature",
      "geometry": {
        "type": "Point",
        "coordinates": [
          112.9308565,
          28.1604904
        ]
      },
      "properties": {
        "id": "J050",
        "node_class": 1,
        "kind": "intersection",
        "degree": 4,
        "osm_node_id": "3129530033"
      }
    },
    {
      "type": "Feature",
      "geometry": {
        "type": "Point",
        "coordinates": [
          112.9289886,
          28.1586511
        ]
      },
      "properties": {
        "id": "J051",
        "node_class": 1,
        "kind": "intersection",
        "degree": 3,
        "osm_node_id": "3660206612"
      }
    },
    {
      "type": "Feature",
      "geometry": {
        "type": "Point",
        "coordinates": [
          112.9292753,
          28.1527168
        ]
      },
      "properties": {
        "id": "J052",
        "node_class": 1,
        "kind": "intersection",
        "degree": 3,
        "osm_node_id": "3660285733"
      }
    },
    {
      "type": "Feature",
      "geometry": {
        "type": "Point",
        "coordinates": [
          112.9307285,
          28.1513604
        ]
      },
      "properties": {
        "id": "J053",
        "node_class": 1,
        "kind": "intersection",
        "degree": 3,
        "osm_node_id": "3660285745"
      }
    },
    {
      "type": "Feature",
      "geometry": {
        "type": "Point",
        "coordinates": [
          112.941721,
          28.1530433
        ]
      },
      "properties": {
        "id": "A038",
        "node_class": 0,
        "kind": "continuation",
        "degree": 2,
        "osm_node_id": "3660285770"
      }
    },
    {
      "type": "Feature",
      "geometry": {
        "type": "Point",
        "coordinates": [
          112.930923,
          28.1611706
        ]
      },
      "properties": {
        "id": "J054",
        "node_class": 1,
        "kind": "intersection",
        "degree": 3,
        "osm_node_id": "3846693951"
      }
    },
    {
      "type": "Feature",
      "geometry": {
        "type": "Point",
        "coordinates": [
          112.9280392,
          28.1625566
        ]
      },
      "properties": {
        "id": "J055",
        "node_class": 1,
        "kind": "intersection",
        "degree": 3,
        "osm_node_id": "3846694282"
      }
    },
    {
      "type": "Feature",
      "geometry": {
        "type": "Point",
        "coordinates": [
          112.9276921,
          28.1639891
        ]
      },
      "properties": {
        "id": "A039",
        "node_class": 0,
        "kind": "endpoint",
        "degree": 1,
        "osm_node_id": "3846694286"
      }
    },
    {
      "type": "Feature",
      "geometry": {
        "type": "Point",
        "coordinates": [
          112.9309186,
          28.16129
        ]
      },
      "properties": {
        "id": "J056",
        "node_class": 1,
        "kind": "intersection",
        "degree": 4,
        "osm_node_id": "3846694415"
      }
    },
    {
      "type": "Feature",
      "geometry": {
        "type": "Point",
        "coordinates": [
          112.9312857,
          28.1613687
        ]
      },
      "properties": {
        "id": "J057",
        "node_class": 1,
        "kind": "intersection",
        "degree": 3,
        "osm_node_id": "3846694421"
      }
    },
    {
      "type": "Feature",
      "geometry": {
        "type": "Point",
        "coordinates": [
          112.9275197,
          28.1643185
        ]
      },
      "properties": {
        "id": "A040",
        "node_class": 0,
        "kind": "endpoint",
        "degree": 1,
        "osm_node_id": "3846694426"
      }
    },
    {
      "type": "Feature",
      "geometry": {
        "type": "Point",
        "coordinates": [
          112.9296873,
          28.1634231
        ]
      },
      "properties": {
        "id": "J058",
        "node_class": 1,
        "kind": "intersection",
        "degree": 3,
        "osm_node_id": "3846694435"
      }
    },
    {
      "type": "Feature",
      "geometry": {
        "type": "Point",
        "coordinates": [
          112.9283947,
          28.1648414
        ]
      },
      "properties": {
        "id": "A041",
        "node_class": 0,
        "kind": "endpoint",
        "degree": 1,
        "osm_node_id": "3846694454"
      }
    },
    {
      "type": "Feature",
      "geometry": {
        "type": "Point",
        "coordinates": [
          112.9285847,
          28.1641192
        ]
      },
      "properties": {
        "id": "J059",
        "node_class": 1,
        "kind": "intersection",
        "degree": 3,
        "osm_node_id": "3846694569"
      }
    },
    {
      "type": "Feature",
      "geometry": {
        "type": "Point",
        "coordinates": [
          112.930417,
          28.1611611
        ]
      },
      "properties": {
        "id": "J060",
        "node_class": 1,
        "kind": "intersection",
        "degree": 3,
        "osm_node_id": "3846694578"
      }
    },
    {
      "type": "Feature",
      "geometry": {
        "type": "Point",
        "coordinates": [
          112.9307279,
          28.16118
        ]
      },
      "properties": {
        "id": "J061",
        "node_class": 1,
        "kind": "intersection",
        "degree": 3,
        "osm_node_id": "3846694587"
      }
    },
    {
      "type": "Feature",
      "geometry": {
        "type": "Point",
        "coordinates": [
          112.9277571,
          28.1636369
        ]
      },
      "properties": {
        "id": "A042",
        "node_class": 0,
        "kind": "continuation",
        "degree": 2,
        "osm_node_id": "3846694607"
      }
    },
    {
      "type": "Feature",
      "geometry": {
        "type": "Point",
        "coordinates": [
          112.9359117,
          28.1542401
        ]
      },
      "properties": {
        "id": "J062",
        "node_class": 1,
        "kind": "intersection",
        "degree": 3,
        "osm_node_id": "3860056561"
      }
    },
    {
      "type": "Feature",
      "geometry": {
        "type": "Point",
        "coordinates": [
          112.9301914,
          28.1597213
        ]
      },
      "properties": {
        "id": "A043",
        "node_class": 0,
        "kind": "continuation",
        "degree": 2,
        "osm_node_id": "3860139814"
      }
    },
    {
      "type": "Feature",
      "geometry": {
        "type": "Point",
        "coordinates": [
          112.9303205,
          28.1598293
        ]
      },
      "properties": {
        "id": "A044",
        "node_class": 0,
        "kind": "continuation",
        "degree": 2,
        "osm_node_id": "3860143170"
      }
    },
    {
      "type": "Feature",
      "geometry": {
        "type": "Point",
        "coordinates": [
          112.9299068,
          28.1594676
        ]
      },
      "properties": {
        "id": "A045",
        "node_class": 0,
        "kind": "continuation",
        "degree": 2,
        "osm_node_id": "3860143184"
      }
    },
    {
      "type": "Feature",
      "geometry": {
        "type": "Point",
        "coordinates": [
          112.9306027,
          28.1601041
        ]
      },
      "properties": {
        "id": "J063",
        "node_class": 1,
        "kind": "intersection",
        "degree": 3,
        "osm_node_id": "3860143359"
      }
    },
    {
      "type": "Feature",
      "geometry": {
        "type": "Point",
        "coordinates": [
          112.9387657,
          28.1521686
        ]
      },
      "properties": {
        "id": "A046",
        "node_class": 0,
        "kind": "continuation",
        "degree": 2,
        "osm_node_id": "3860194911"
      }
    },
    {
      "type": "Feature",
      "geometry": {
        "type": "Point",
        "coordinates": [
          112.9412506,
          28.1529165
        ]
      },
      "properties": {
        "id": "A047",
        "node_class": 0,
        "kind": "continuation",
        "degree": 2,
        "osm_node_id": "3860229523"
      }
    },
    {
      "type": "Feature",
      "geometry": {
        "type": "Point",
        "coordinates": [
          112.9343139,
          28.1542903
        ]
      },
      "properties": {
        "id": "A048",
        "node_class": 0,
        "kind": "continuation",
        "degree": 2,
        "osm_node_id": "3860244331"
      }
    },
    {
      "type": "Feature",
      "geometry": {
        "type": "Point",
        "coordinates": [
          112.9418185,
          28.1535296
        ]
      },
      "properties": {
        "id": "A049",
        "node_class": 0,
        "kind": "continuation",
        "degree": 2,
        "osm_node_id": "3860253183"
      }
    },
    {
      "type": "Feature",
      "geometry": {
        "type": "Point",
        "coordinates": [
          112.9393165,
          28.1515117
        ]
      },
      "properties": {
        "id": "A050",
        "node_class": 0,
        "kind": "continuation",
        "degree": 2,
        "osm_node_id": "3860264761"
      }
    },
    {
      "type": "Feature",
      "geometry": {
        "type": "Point",
        "coordinates": [
          112.9339618,
          28.1519173
        ]
      },
      "properties": {
        "id": "A051",
        "node_class": 0,
        "kind": "continuation",
        "degree": 2,
        "osm_node_id": "3860289146"
      }
    },
    {
      "type": "Feature",
      "geometry": {
        "type": "Point",
        "coordinates": [
          112.9339551,
          28.1517327
        ]
      },
      "properties": {
        "id": "A052",
        "node_class": 0,
        "kind": "continuation",
        "degree": 2,
        "osm_node_id": "3860289147"
      }
    },
    {
      "type": "Feature",
      "geometry": {
        "type": "Point",
        "coordinates": [
          112.9361531,
          28.151393
        ]
      },
      "properties": {
        "id": "J064",
        "node_class": 1,
        "kind": "intersection",
        "degree": 4,
        "osm_node_id": "3860289437"
      }
    },
    {
      "type": "Feature",
      "geometry": {
        "type": "Point",
        "coordinates": [
          112.9361527,
          28.1509851
        ]
      },
      "properties": {
        "id": "A053",
        "node_class": 0,
        "kind": "continuation",
        "degree": 2,
        "osm_node_id": "3860289438"
      }
    },
    {
      "type": "Feature",
      "geometry": {
        "type": "Point",
        "coordinates": [
          112.9349162,
          28.151925
        ]
      },
      "properties": {
        "id": "A054",
        "node_class": 0,
        "kind": "endpoint",
        "degree": 1,
        "osm_node_id": "3860313762"
      }
    },
    {
      "type": "Feature",
      "geometry": {
        "type": "Point",
        "coordinates": [
          112.9425463,
          28.1546969
        ]
      },
      "properties": {
        "id": "J065",
        "node_class": 1,
        "kind": "intersection",
        "degree": 4,
        "osm_node_id": "3860331657"
      }
    },
    {
      "type": "Feature",
      "geometry": {
        "type": "Point",
        "coordinates": [
          112.9423833,
          28.1535846
        ]
      },
      "properties": {
        "id": "J066",
        "node_class": 1,
        "kind": "intersection",
        "degree": 3,
        "osm_node_id": "3860331659"
      }
    },
    {
      "type": "Feature",
      "geometry": {
        "type": "Point",
        "coordinates": [
          112.9426732,
          28.1531459
        ]
      },
      "properties": {
        "id": "J067",
        "node_class": 1,
        "kind": "intersection",
        "degree": 3,
        "osm_node_id": "3860331660"
      }
    },
    {
      "type": "Feature",
      "geometry": {
        "type": "Point",
        "coordinates": [
          112.9328388,
          28.1527034
        ]
      },
      "properties": {
        "id": "A055",
        "node_class": 0,
        "kind": "endpoint",
        "degree": 1,
        "osm_node_id": "3860371485"
      }
    },
    {
      "type": "Feature",
      "geometry": {
        "type": "Point",
        "coordinates": [
          112.9306251,
          28.1601414
        ]
      },
      "properties": {
        "id": "J068",
        "node_class": 1,
        "kind": "intersection",
        "degree": 3,
        "osm_node_id": "3860723208"
      }
    },
    {
      "type": "Feature",
      "geometry": {
        "type": "Point",
        "coordinates": [
          112.9313149,
          28.1619968
        ]
      },
      "properties": {
        "id": "J069",
        "node_class": 1,
        "kind": "intersection",
        "degree": 3,
        "osm_node_id": "3860723237"
      }
    },
    {
      "type": "Feature",
      "geometry": {
        "type": "Point",
        "coordinates": [
          112.9394985,
          28.1512975
        ]
      },
      "properties": {
        "id": "J070",
        "node_class": 1,
        "kind": "intersection",
        "degree": 4,
        "osm_node_id": "3860723279"
      }
    },
    {
      "type": "Feature",
      "geometry": {
        "type": "Point",
        "coordinates": [
          112.9374868,
          28.1541938
        ]
      },
      "properties": {
        "id": "J071",
        "node_class": 1,
        "kind": "intersection",
        "degree": 3,
        "osm_node_id": "3860723300"
      }
    },
    {
      "type": "Feature",
      "geometry": {
        "type": "Point",
        "coordinates": [
          112.931151,
          28.161806
        ]
      },
      "properties": {
        "id": "J072",
        "node_class": 1,
        "kind": "intersection",
        "degree": 3,
        "osm_node_id": "3860723305"
      }
    },
    {
      "type": "Feature",
      "geometry": {
        "type": "Point",
        "coordinates": [
          112.9310094,
          28.1599653
        ]
      },
      "properties": {
        "id": "J073",
        "node_class": 1,
        "kind": "intersection",
        "degree": 3,
        "osm_node_id": "3860723330"
      }
    },
    {
      "type": "Feature",
      "geometry": {
        "type": "Point",
        "coordinates": [
          112.9310566,
          28.161736
        ]
      },
      "properties": {
        "id": "J074",
        "node_class": 1,
        "kind": "intersection",
        "degree": 3,
        "osm_node_id": "3860723406"
      }
    },
    {
      "type": "Feature",
      "geometry": {
        "type": "Point",
        "coordinates": [
          112.9312524,
          28.161676
        ]
      },
      "properties": {
        "id": "A056",
        "node_class": 0,
        "kind": "endpoint",
        "degree": 1,
        "osm_node_id": "3860723408"
      }
    },
    {
      "type": "Feature",
      "geometry": {
        "type": "Point",
        "coordinates": [
          112.9309607,
          28.1615935
        ]
      },
      "properties": {
        "id": "A057",
        "node_class": 0,
        "kind": "endpoint",
        "degree": 1,
        "osm_node_id": "3860723413"
      }
    },
    {
      "type": "Feature",
      "geometry": {
        "type": "Point",
        "coordinates": [
          112.9383068,
          28.1527791
        ]
      },
      "properties": {
        "id": "J075",
        "node_class": 1,
        "kind": "intersection",
        "degree": 3,
        "osm_node_id": "3860723439"
      }
    },
    {
      "type": "Feature",
      "geometry": {
        "type": "Point",
        "coordinates": [
          112.9382977,
          28.1541714
        ]
      },
      "properties": {
        "id": "J076",
        "node_class": 1,
        "kind": "intersection",
        "degree": 3,
        "osm_node_id": "3860723569"
      }
    },
    {
      "type": "Feature",
      "geometry": {
        "type": "Point",
        "coordinates": [
          112.9310472,
          28.1620893
        ]
      },
      "properties": {
        "id": "J077",
        "node_class": 1,
        "kind": "intersection",
        "degree": 3,
        "osm_node_id": "3860723602"
      }
    },
    {
      "type": "Feature",
      "geometry": {
        "type": "Point",
        "coordinates": [
          112.9311589,
          28.1615944
        ]
      },
      "properties": {
        "id": "A058",
        "node_class": 0,
        "kind": "endpoint",
        "degree": 1,
        "osm_node_id": "3860723623"
      }
    },
    {
      "type": "Feature",
      "geometry": {
        "type": "Point",
        "coordinates": [
          112.9313561,
          28.1598099
        ]
      },
      "properties": {
        "id": "A059",
        "node_class": 0,
        "kind": "endpoint",
        "degree": 1,
        "osm_node_id": "3860723647"
      }
    },
    {
      "type": "Feature",
      "geometry": {
        "type": "Point",
        "coordinates": [
          112.9310502,
          28.1599218
        ]
      },
      "properties": {
        "id": "J078",
        "node_class": 1,
        "kind": "intersection",
        "degree": 3,
        "osm_node_id": "3860723659"
      }
    },
    {
      "type": "Feature",
      "geometry": {
        "type": "Point",
        "coordinates": [
          112.9310459,
          28.162277
        ]
      },
      "properties": {
        "id": "A060",
        "node_class": 0,
        "kind": "endpoint",
        "degree": 1,
        "osm_node_id": "3860723663"
      }
    },
    {
      "type": "Feature",
      "geometry": {
        "type": "Point",
        "coordinates": [
          112.9361568,
          28.1507208
        ]
      },
      "properties": {
        "id": "J079",
        "node_class": 1,
        "kind": "intersection",
        "degree": 3,
        "osm_node_id": "3860723692"
      }
    },
    {
      "type": "Feature",
      "geometry": {
        "type": "Point",
        "coordinates": [
          112.9383048,
          28.1529323
        ]
      },
      "properties": {
        "id": "J080",
        "node_class": 1,
        "kind": "intersection",
        "degree": 3,
        "osm_node_id": "3860723694"
      }
    },
    {
      "type": "Feature",
      "geometry": {
        "type": "Point",
        "coordinates": [
          112.931221,
          28.1620909
        ]
      },
      "properties": {
        "id": "J081",
        "node_class": 1,
        "kind": "intersection",
        "degree": 3,
        "osm_node_id": "3860723732"
      }
    },
    {
      "type": "Feature",
      "geometry": {
        "type": "Point",
        "coordinates": [
          112.9375118,
          28.1524267
        ]
      },
      "properties": {
        "id": "J082",
        "node_class": 1,
        "kind": "intersection",
        "degree": 3,
        "osm_node_id": "3860723981"
      }
    },
    {
      "type": "Feature",
      "geometry": {
        "type": "Point",
        "coordinates": [
          112.9311639,
          28.160128
        ]
      },
      "properties": {
        "id": "J083",
        "node_class": 1,
        "kind": "intersection",
        "degree": 3,
        "osm_node_id": "3860723987"
      }
    },
    {
      "type": "Feature",
      "geometry": {
        "type": "Point",
        "coordinates": [
          112.9304157,
          28.1508097
        ]
      },
      "properties": {
        "id": "J084",
        "node_class": 1,
        "kind": "intersection",
        "degree": 3,
        "osm_node_id": "3860724011"
      }
    },
    {
      "type": "Feature",
      "geometry": {
        "type": "Point",
        "coordinates": [
          112.931136,
          28.1622297
        ]
      },
      "properties": {
        "id": "J085",
        "node_class": 1,
        "kind": "intersection",
        "degree": 3,
        "osm_node_id": "3860724040"
      }
    },
    {
      "type": "Feature",
      "geometry": {
        "type": "Point",
        "coordinates": [
          112.9339905,
          28.1527559
        ]
      },
      "properties": {
        "id": "J086",
        "node_class": 1,
        "kind": "intersection",
        "degree": 4,
        "osm_node_id": "3860724053"
      }
    },
    {
      "type": "Feature",
      "geometry": {
        "type": "Point",
        "coordinates": [
          112.9351334,
          28.1535344
        ]
      },
      "properties": {
        "id": "J087",
        "node_class": 1,
        "kind": "intersection",
        "degree": 3,
        "osm_node_id": "3860724054"
      }
    },
    {
      "type": "Feature",
      "geometry": {
        "type": "Point",
        "coordinates": [
          112.9279905,
          28.1540866
        ]
      },
      "properties": {
        "id": "J088",
        "node_class": 1,
        "kind": "intersection",
        "degree": 3,
        "osm_node_id": "3860724062"
      }
    },
    {
      "type": "Feature",
      "geometry": {
        "type": "Point",
        "coordinates": [
          112.9310545,
          28.1616717
        ]
      },
      "properties": {
        "id": "J089",
        "node_class": 1,
        "kind": "intersection",
        "degree": 3,
        "osm_node_id": "3860724115"
      }
    },
    {
      "type": "Feature",
      "geometry": {
        "type": "Point",
        "coordinates": [
          112.9317261,
          28.1592691
        ]
      },
      "properties": {
        "id": "A061",
        "node_class": 0,
        "kind": "endpoint",
        "degree": 1,
        "osm_node_id": "3860724154"
      }
    },
    {
      "type": "Feature",
      "geometry": {
        "type": "Point",
        "coordinates": [
          112.9317359,
          28.1597853
        ]
      },
      "properties": {
        "id": "J090",
        "node_class": 1,
        "kind": "intersection",
        "degree": 3,
        "osm_node_id": "3860724155"
      }
    },
    {
      "type": "Feature",
      "geometry": {
        "type": "Point",
        "coordinates": [
          112.9320973,
          28.1597818
        ]
      },
      "properties": {
        "id": "A062",
        "node_class": 0,
        "kind": "endpoint",
        "degree": 1,
        "osm_node_id": "3860724157"
      }
    },
    {
      "type": "Feature",
      "geometry": {
        "type": "Point",
        "coordinates": [
          112.933992,
          28.152891
        ]
      },
      "properties": {
        "id": "J091",
        "node_class": 1,
        "kind": "intersection",
        "degree": 4,
        "osm_node_id": "3860724193"
      }
    },
    {
      "type": "Feature",
      "geometry": {
        "type": "Point",
        "coordinates": [
          112.9311797,
          28.1603143
        ]
      },
      "properties": {
        "id": "J092",
        "node_class": 1,
        "kind": "intersection",
        "degree": 3,
        "osm_node_id": "3860724220"
      }
    },
    {
      "type": "Feature",
      "geometry": {
        "type": "Point",
        "coordinates": [
          112.9382223,
          28.1533104
        ]
      },
      "properties": {
        "id": "A063",
        "node_class": 0,
        "kind": "endpoint",
        "degree": 1,
        "osm_node_id": "3860902014"
      }
    },
    {
      "type": "Feature",
      "geometry": {
        "type": "Point",
        "coordinates": [
          112.9379028,
          28.1526259
        ]
      },
      "properties": {
        "id": "J093",
        "node_class": 1,
        "kind": "intersection",
        "degree": 3,
        "osm_node_id": "3860928644"
      }
    },
    {
      "type": "Feature",
      "geometry": {
        "type": "Point",
        "coordinates": [
          112.9378457,
          28.1524756
        ]
      },
      "properties": {
        "id": "J094",
        "node_class": 1,
        "kind": "intersection",
        "degree": 3,
        "osm_node_id": "3860928646"
      }
    },
    {
      "type": "Feature",
      "geometry": {
        "type": "Point",
        "coordinates": [
          112.937854,
          28.1524223
        ]
      },
      "properties": {
        "id": "A064",
        "node_class": 0,
        "kind": "continuation",
        "degree": 2,
        "osm_node_id": "3860928647"
      }
    },
    {
      "type": "Feature",
      "geometry": {
        "type": "Point",
        "coordinates": [
          112.9377026,
          28.1522917
        ]
      },
      "properties": {
        "id": "J095",
        "node_class": 1,
        "kind": "intersection",
        "degree": 3,
        "osm_node_id": "3860928761"
      }
    },
    {
      "type": "Feature",
      "geometry": {
        "type": "Point",
        "coordinates": [
          112.9379176,
          28.1521734
        ]
      },
      "properties": {
        "id": "J096",
        "node_class": 1,
        "kind": "intersection",
        "degree": 3,
        "osm_node_id": "3860928774"
      }
    },
    {
      "type": "Feature",
      "geometry": {
        "type": "Point",
        "coordinates": [
          112.9379606,
          28.1520845
        ]
      },
      "properties": {
        "id": "A065",
        "node_class": 0,
        "kind": "continuation",
        "degree": 2,
        "osm_node_id": "3860928775"
      }
    },
    {
      "type": "Feature",
      "geometry": {
        "type": "Point",
        "coordinates": [
          112.9340069,
          28.1532022
        ]
      },
      "properties": {
        "id": "J097",
        "node_class": 1,
        "kind": "intersection",
        "degree": 3,
        "osm_node_id": "3860935118"
      }
    },
    {
      "type": "Feature",
      "geometry": {
        "type": "Point",
        "coordinates": [
          112.9325889,
          28.1539962
        ]
      },
      "properties": {
        "id": "A066",
        "node_class": 0,
        "kind": "continuation",
        "degree": 2,
        "osm_node_id": "3860935120"
      }
    },
    {
      "type": "Feature",
      "geometry": {
        "type": "Point",
        "coordinates": [
          112.9340392,
          28.154017
        ]
      },
      "properties": {
        "id": "J098",
        "node_class": 1,
        "kind": "intersection",
        "degree": 3,
        "osm_node_id": "3860935121"
      }
    },
    {
      "type": "Feature",
      "geometry": {
        "type": "Point",
        "coordinates": [
          112.9340166,
          28.1535011
        ]
      },
      "properties": {
        "id": "J099",
        "node_class": 1,
        "kind": "intersection",
        "degree": 4,
        "osm_node_id": "3860935122"
      }
    },
    {
      "type": "Feature",
      "geometry": {
        "type": "Point",
        "coordinates": [
          112.9377254,
          28.1524963
        ]
      },
      "properties": {
        "id": "J100",
        "node_class": 1,
        "kind": "intersection",
        "degree": 3,
        "osm_node_id": "3860940394"
      }
    },
    {
      "type": "Feature",
      "geometry": {
        "type": "Point",
        "coordinates": [
          112.9374844,
          28.1520729
        ]
      },
      "properties": {
        "id": "J101",
        "node_class": 1,
        "kind": "intersection",
        "degree": 3,
        "osm_node_id": "3860940407"
      }
    },
    {
      "type": "Feature",
      "geometry": {
        "type": "Point",
        "coordinates": [
          112.9407232,
          28.1526715
        ]
      },
      "properties": {
        "id": "J102",
        "node_class": 1,
        "kind": "intersection",
        "degree": 3,
        "osm_node_id": "3861836363"
      }
    },
    {
      "type": "Feature",
      "geometry": {
        "type": "Point",
        "coordinates": [
          112.9413763,
          28.1515936
        ]
      },
      "properties": {
        "id": "J103",
        "node_class": 1,
        "kind": "intersection",
        "degree": 3,
        "osm_node_id": "3861836370"
      }
    },
    {
      "type": "Feature",
      "geometry": {
        "type": "Point",
        "coordinates": [
          112.9412023,
          28.1500854
        ]
      },
      "properties": {
        "id": "J104",
        "node_class": 1,
        "kind": "intersection",
        "degree": 3,
        "osm_node_id": "3861836377"
      }
    },
    {
      "type": "Feature",
      "geometry": {
        "type": "Point",
        "coordinates": [
          112.93951,
          28.1509135
        ]
      },
      "properties": {
        "id": "J105",
        "node_class": 1,
        "kind": "intersection",
        "degree": 4,
        "osm_node_id": "3861847057"
      }
    },
    {
      "type": "Feature",
      "geometry": {
        "type": "Point",
        "coordinates": [
          112.9399887,
          28.1500056
        ]
      },
      "properties": {
        "id": "J106",
        "node_class": 1,
        "kind": "intersection",
        "degree": 3,
        "osm_node_id": "3861847060"
      }
    },
    {
      "type": "Feature",
      "geometry": {
        "type": "Point",
        "coordinates": [
          112.9403854,
          28.1494982
        ]
      },
      "properties": {
        "id": "J107",
        "node_class": 1,
        "kind": "intersection",
        "degree": 3,
        "osm_node_id": "3861847069"
      }
    },
    {
      "type": "Feature",
      "geometry": {
        "type": "Point",
        "coordinates": [
          112.9372965,
          28.1494978
        ]
      },
      "properties": {
        "id": "A067",
        "node_class": 0,
        "kind": "endpoint",
        "degree": 1,
        "osm_node_id": "3861856292"
      }
    },
    {
      "type": "Feature",
      "geometry": {
        "type": "Point",
        "coordinates": [
          112.9411529,
          28.1494743
        ]
      },
      "properties": {
        "id": "A068",
        "node_class": 0,
        "kind": "continuation",
        "degree": 2,
        "osm_node_id": "3861856293"
      }
    },
    {
      "type": "Feature",
      "geometry": {
        "type": "Point",
        "coordinates": [
          112.932986,
          28.1513114
        ]
      },
      "properties": {
        "id": "J108",
        "node_class": 1,
        "kind": "intersection",
        "degree": 4,
        "osm_node_id": "3861856302"
      }
    },
    {
      "type": "Feature",
      "geometry": {
        "type": "Point",
        "coordinates": [
          112.9373285,
          28.1504034
        ]
      },
      "properties": {
        "id": "J109",
        "node_class": 1,
        "kind": "intersection",
        "degree": 4,
        "osm_node_id": "3861856315"
      }
    },
    {
      "type": "Feature",
      "geometry": {
        "type": "Point",
        "coordinates": [
          112.9388041,
          28.1507237
        ]
      },
      "properties": {
        "id": "J110",
        "node_class": 1,
        "kind": "intersection",
        "degree": 4,
        "osm_node_id": "3861856317"
      }
    },
    {
      "type": "Feature",
      "geometry": {
        "type": "Point",
        "coordinates": [
          112.9387622,
          28.149546
        ]
      },
      "properties": {
        "id": "J111",
        "node_class": 1,
        "kind": "intersection",
        "degree": 3,
        "osm_node_id": "3861856319"
      }
    },
    {
      "type": "Feature",
      "geometry": {
        "type": "Point",
        "coordinates": [
          112.9355115,
          28.1509645
        ]
      },
      "properties": {
        "id": "J112",
        "node_class": 1,
        "kind": "intersection",
        "degree": 3,
        "osm_node_id": "3861859257"
      }
    },
    {
      "type": "Feature",
      "geometry": {
        "type": "Point",
        "coordinates": [
          112.9354561,
          28.1496601
        ]
      },
      "properties": {
        "id": "J113",
        "node_class": 1,
        "kind": "intersection",
        "degree": 3,
        "osm_node_id": "3861859258"
      }
    },
    {
      "type": "Feature",
      "geometry": {
        "type": "Point",
        "coordinates": [
          112.9355016,
          28.1506667
        ]
      },
      "properties": {
        "id": "J114",
        "node_class": 1,
        "kind": "intersection",
        "degree": 3,
        "osm_node_id": "3861859259"
      }
    },
    {
      "type": "Feature",
      "geometry": {
        "type": "Point",
        "coordinates": [
          112.9356291,
          28.1496546
        ]
      },
      "properties": {
        "id": "J115",
        "node_class": 1,
        "kind": "intersection",
        "degree": 3,
        "osm_node_id": "3861859261"
      }
    },
    {
      "type": "Feature",
      "geometry": {
        "type": "Point",
        "coordinates": [
          112.9346996,
          28.1512788
        ]
      },
      "properties": {
        "id": "J116",
        "node_class": 1,
        "kind": "intersection",
        "degree": 4,
        "osm_node_id": "3861859262"
      }
    },
    {
      "type": "Feature",
      "geometry": {
        "type": "Point",
        "coordinates": [
          112.9340578,
          28.1499896
        ]
      },
      "properties": {
        "id": "J117",
        "node_class": 1,
        "kind": "intersection",
        "degree": 3,
        "osm_node_id": "3861859265"
      }
    },
    {
      "type": "Feature",
      "geometry": {
        "type": "Point",
        "coordinates": [
          112.934407,
          28.1513488
        ]
      },
      "properties": {
        "id": "J118",
        "node_class": 1,
        "kind": "intersection",
        "degree": 4,
        "osm_node_id": "3861859266"
      }
    },
    {
      "type": "Feature",
      "geometry": {
        "type": "Point",
        "coordinates": [
          112.9340486,
          28.1497035
        ]
      },
      "properties": {
        "id": "J119",
        "node_class": 1,
        "kind": "intersection",
        "degree": 3,
        "osm_node_id": "3861859269"
      }
    },
    {
      "type": "Feature",
      "geometry": {
        "type": "Point",
        "coordinates": [
          112.9383031,
          28.1536696
        ]
      },
      "properties": {
        "id": "J120",
        "node_class": 1,
        "kind": "intersection",
        "degree": 3,
        "osm_node_id": "4063515163"
      }
    },
    {
      "type": "Feature",
      "geometry": {
        "type": "Point",
        "coordinates": [
          112.9309053,
          28.161554
        ]
      },
      "properties": {
        "id": "J121",
        "node_class": 1,
        "kind": "intersection",
        "degree": 3,
        "osm_node_id": "5713570587"
      }
    },
    {
      "type": "Feature",
      "geometry": {
        "type": "Point",
        "coordinates": [
          112.9262612,
          28.1608287
        ]
      },
      "properties": {
        "id": "J122",
        "node_class": 1,
        "kind": "intersection",
        "degree": 3,
        "osm_node_id": "5717652975"
      }
    },
    {
      "type": "Feature",
      "geometry": {
        "type": "Point",
        "coordinates": [
          112.9287178,
          28.1606712
        ]
      },
      "properties": {
        "id": "J123",
        "node_class": 1,
        "kind": "intersection",
        "degree": 3,
        "osm_node_id": "5717652983"
      }
    },
    {
      "type": "Feature",
      "geometry": {
        "type": "Point",
        "coordinates": [
          112.9292196,
          28.1528487
        ]
      },
      "properties": {
        "id": "J124",
        "node_class": 1,
        "kind": "intersection",
        "degree": 3,
        "osm_node_id": "5720358131"
      }
    },
    {
      "type": "Feature",
      "geometry": {
        "type": "Point",
        "coordinates": [
          112.9293664,
          28.161314
        ]
      },
      "properties": {
        "id": "J125",
        "node_class": 1,
        "kind": "intersection",
        "degree": 3,
        "osm_node_id": "5722864515"
      }
    },
    {
      "type": "Feature",
      "geometry": {
        "type": "Point",
        "coordinates": [
          112.9257443,
          28.1618945
        ]
      },
      "properties": {
        "id": "J126",
        "node_class": 1,
        "kind": "intersection",
        "degree": 3,
        "osm_node_id": "6187750954"
      }
    },
    {
      "type": "Feature",
      "geometry": {
        "type": "Point",
        "coordinates": [
          112.9270933,
          28.1620423
        ]
      },
      "properties": {
        "id": "J127",
        "node_class": 1,
        "kind": "intersection",
        "degree": 3,
        "osm_node_id": "6187750955"
      }
    },
    {
      "type": "Feature",
      "geometry": {
        "type": "Point",
        "coordinates": [
          112.927015,
          28.1628991
        ]
      },
      "properties": {
        "id": "J128",
        "node_class": 1,
        "kind": "intersection",
        "degree": 3,
        "osm_node_id": "6187750957"
      }
    },
    {
      "type": "Feature",
      "geometry": {
        "type": "Point",
        "coordinates": [
          112.9269021,
          28.1639641
        ]
      },
      "properties": {
        "id": "J129",
        "node_class": 1,
        "kind": "intersection",
        "degree": 3,
        "osm_node_id": "6187750958"
      }
    },
    {
      "type": "Feature",
      "geometry": {
        "type": "Point",
        "coordinates": [
          112.9257999,
          28.1638398
        ]
      },
      "properties": {
        "id": "J130",
        "node_class": 1,
        "kind": "intersection",
        "degree": 3,
        "osm_node_id": "6187750964"
      }
    },
    {
      "type": "Feature",
      "geometry": {
        "type": "Point",
        "coordinates": [
          112.9260096,
          28.1627841
        ]
      },
      "properties": {
        "id": "J131",
        "node_class": 1,
        "kind": "intersection",
        "degree": 3,
        "osm_node_id": "6187750965"
      }
    },
    {
      "type": "Feature",
      "geometry": {
        "type": "Point",
        "coordinates": [
          112.9292589,
          28.1546608
        ]
      },
      "properties": {
        "id": "A069",
        "node_class": 0,
        "kind": "continuation",
        "degree": 2,
        "osm_node_id": "7049507488"
      }
    },
    {
      "type": "Feature",
      "geometry": {
        "type": "Point",
        "coordinates": [
          112.9294013,
          28.1551166
        ]
      },
      "properties": {
        "id": "A070",
        "node_class": 0,
        "kind": "continuation",
        "degree": 2,
        "osm_node_id": "7049507489"
      }
    },
    {
      "type": "Feature",
      "geometry": {
        "type": "Point",
        "coordinates": [
          112.927247,
          28.1550401
        ]
      },
      "properties": {
        "id": "J132",
        "node_class": 1,
        "kind": "intersection",
        "degree": 3,
        "osm_node_id": "7049507501"
      }
    },
    {
      "type": "Feature",
      "geometry": {
        "type": "Point",
        "coordinates": [
          112.9318397,
          28.1515017
        ]
      },
      "properties": {
        "id": "A071",
        "node_class": 0,
        "kind": "continuation",
        "degree": 2,
        "osm_node_id": "7346055276"
      }
    },
    {
      "type": "Feature",
      "geometry": {
        "type": "Point",
        "coordinates": [
          112.9318506,
          28.1518176
        ]
      },
      "properties": {
        "id": "A072",
        "node_class": 0,
        "kind": "continuation",
        "degree": 2,
        "osm_node_id": "7346055277"
      }
    },
    {
      "type": "Feature",
      "geometry": {
        "type": "Point",
        "coordinates": [
          112.9318568,
          28.1520901
        ]
      },
      "properties": {
        "id": "A073",
        "node_class": 0,
        "kind": "continuation",
        "degree": 2,
        "osm_node_id": "7346055278"
      }
    },
    {
      "type": "Feature",
      "geometry": {
        "type": "Point",
        "coordinates": [
          112.9318653,
          28.152408
        ]
      },
      "properties": {
        "id": "A074",
        "node_class": 0,
        "kind": "continuation",
        "degree": 2,
        "osm_node_id": "7346055279"
      }
    },
    {
      "type": "Feature",
      "geometry": {
        "type": "Point",
        "coordinates": [
          112.9318796,
          28.1529265
        ]
      },
      "properties": {
        "id": "A075",
        "node_class": 0,
        "kind": "endpoint",
        "degree": 1,
        "osm_node_id": "7346055282"
      }
    },
    {
      "type": "Feature",
      "geometry": {
        "type": "Point",
        "coordinates": [
          112.9318725,
          28.1526589
        ]
      },
      "properties": {
        "id": "A076",
        "node_class": 0,
        "kind": "continuation",
        "degree": 2,
        "osm_node_id": "7346055283"
      }
    },
    {
      "type": "Feature",
      "geometry": {
        "type": "Point",
        "coordinates": [
          112.9309439,
          28.1528602
        ]
      },
      "properties": {
        "id": "A077",
        "node_class": 0,
        "kind": "continuation",
        "degree": 2,
        "osm_node_id": "7796050347"
      }
    },
    {
      "type": "Feature",
      "geometry": {
        "type": "Point",
        "coordinates": [
          112.9328454,
          28.152876
        ]
      },
      "properties": {
        "id": "A078",
        "node_class": 0,
        "kind": "continuation",
        "degree": 2,
        "osm_node_id": "7796050348"
      }
    },
    {
      "type": "Feature",
      "geometry": {
        "type": "Point",
        "coordinates": [
          112.9309452,
          28.1527325
        ]
      },
      "properties": {
        "id": "A079",
        "node_class": 0,
        "kind": "continuation",
        "degree": 2,
        "osm_node_id": "7796050349"
      }
    },
    {
      "type": "Feature",
      "geometry": {
        "type": "Point",
        "coordinates": [
          112.9328512,
          28.1527463
        ]
      },
      "properties": {
        "id": "A080",
        "node_class": 0,
        "kind": "continuation",
        "degree": 2,
        "osm_node_id": "7796050350"
      }
    },
    {
      "type": "Feature",
      "geometry": {
        "type": "Point",
        "coordinates": [
          112.9425501,
          28.154873
        ]
      },
      "properties": {
        "id": "A081",
        "node_class": 0,
        "kind": "endpoint",
        "degree": 1,
        "osm_node_id": "8938951568"
      }
    },
    {
      "type": "Feature",
      "geometry": {
        "type": "Point",
        "coordinates": [
          112.9315156,
          28.1645179
        ]
      },
      "properties": {
        "id": "A082",
        "node_class": 0,
        "kind": "endpoint",
        "degree": 1,
        "osm_node_id": "8977736248"
      }
    },
    {
      "type": "Feature",
      "geometry": {
        "type": "Point",
        "coordinates": [
          112.9283657,
          28.1655297
        ]
      },
      "properties": {
        "id": "A083",
        "node_class": 0,
        "kind": "continuation",
        "degree": 2,
        "osm_node_id": "8977736250"
      }
    },
    {
      "type": "Feature",
      "geometry": {
        "type": "Point",
        "coordinates": [
          112.9399714,
          28.1532088
        ]
      },
      "properties": {
        "id": "A084",
        "node_class": 0,
        "kind": "continuation",
        "degree": 2,
        "osm_node_id": "9093995840"
      }
    },
    {
      "type": "Feature",
      "geometry": {
        "type": "Point",
        "coordinates": [
          112.9372991,
          28.149587
        ]
      },
      "properties": {
        "id": "J133",
        "node_class": 1,
        "kind": "intersection",
        "degree": 4,
        "osm_node_id": "9280793076"
      }
    },
    {
      "type": "Feature",
      "geometry": {
        "type": "Point",
        "coordinates": [
          112.9272501,
          28.1549179
        ]
      },
      "properties": {
        "id": "J134",
        "node_class": 1,
        "kind": "intersection",
        "degree": 3,
        "osm_node_id": "9448530129"
      }
    },
    {
      "type": "Feature",
      "geometry": {
        "type": "Point",
        "coordinates": [
          112.9447767,
          28.1541486
        ]
      },
      "properties": {
        "id": "J135",
        "node_class": 1,
        "kind": "intersection",
        "degree": 3,
        "osm_node_id": "9455726688"
      }
    },
    {
      "type": "Feature",
      "geometry": {
        "type": "Point",
        "coordinates": [
          112.9297134,
          28.1578477
        ]
      },
      "properties": {
        "id": "J136",
        "node_class": 1,
        "kind": "intersection",
        "degree": 3,
        "osm_node_id": "9457760930"
      }
    },
    {
      "type": "Feature",
      "geometry": {
        "type": "Point",
        "coordinates": [
          112.9300204,
          28.1571689
        ]
      },
      "properties": {
        "id": "J137",
        "node_class": 1,
        "kind": "intersection",
        "degree": 3,
        "osm_node_id": "9457760951"
      }
    },
    {
      "type": "Feature",
      "geometry": {
        "type": "Point",
        "coordinates": [
          112.9290284,
          28.1586882
        ]
      },
      "properties": {
        "id": "J138",
        "node_class": 1,
        "kind": "intersection",
        "degree": 4,
        "osm_node_id": "9457760963"
      }
    },
    {
      "type": "Feature",
      "geometry": {
        "type": "Point",
        "coordinates": [
          112.9293304,
          28.1546601
        ]
      },
      "properties": {
        "id": "A085",
        "node_class": 0,
        "kind": "continuation",
        "degree": 2,
        "osm_node_id": "9457760974"
      }
    },
    {
      "type": "Feature",
      "geometry": {
        "type": "Point",
        "coordinates": [
          112.9294706,
          28.1551189
        ]
      },
      "properties": {
        "id": "A086",
        "node_class": 0,
        "kind": "continuation",
        "degree": 2,
        "osm_node_id": "9457760975"
      }
    },
    {
      "type": "Feature",
      "geometry": {
        "type": "Point",
        "coordinates": [
          112.932851,
          28.1512914
        ]
      },
      "properties": {
        "id": "A087",
        "node_class": 0,
        "kind": "continuation",
        "degree": 2,
        "osm_node_id": "9457760995"
      }
    },
    {
      "type": "Feature",
      "geometry": {
        "type": "Point",
        "coordinates": [
          112.9392534,
          28.1510446
        ]
      },
      "properties": {
        "id": "J139",
        "node_class": 1,
        "kind": "intersection",
        "degree": 3,
        "osm_node_id": "9457761010"
      }
    },
    {
      "type": "Feature",
      "geometry": {
        "type": "Point",
        "coordinates": [
          112.9396585,
          28.1515131
        ]
      },
      "properties": {
        "id": "J140",
        "node_class": 1,
        "kind": "intersection",
        "degree": 3,
        "osm_node_id": "9457761012"
      }
    },
    {
      "type": "Feature",
      "geometry": {
        "type": "Point",
        "coordinates": [
          112.9308405,
          28.1513777
        ]
      },
      "properties": {
        "id": "A088",
        "node_class": 0,
        "kind": "continuation",
        "degree": 2,
        "osm_node_id": "9457761028"
      }
    },
    {
      "type": "Feature",
      "geometry": {
        "type": "Point",
        "coordinates": [
          112.9328387,
          28.1513434
        ]
      },
      "properties": {
        "id": "A089",
        "node_class": 0,
        "kind": "continuation",
        "degree": 2,
        "osm_node_id": "9457761039"
      }
    },
    {
      "type": "Feature",
      "geometry": {
        "type": "Point",
        "coordinates": [
          112.9344209,
          28.1514037
        ]
      },
      "properties": {
        "id": "J141",
        "node_class": 1,
        "kind": "intersection",
        "degree": 3,
        "osm_node_id": "9457761047"
      }
    },
    {
      "type": "Feature",
      "geometry": {
        "type": "Point",
        "coordinates": [
          112.9393645,
          28.1512326
        ]
      },
      "properties": {
        "id": "J142",
        "node_class": 1,
        "kind": "intersection",
        "degree": 3,
        "osm_node_id": "9457761072"
      }
    },
    {
      "type": "Feature",
      "geometry": {
        "type": "Point",
        "coordinates": [
          112.9396013,
          28.1515373
        ]
      },
      "properties": {
        "id": "J143",
        "node_class": 1,
        "kind": "intersection",
        "degree": 3,
        "osm_node_id": "9457761073"
      }
    },
    {
      "type": "Feature",
      "geometry": {
        "type": "Point",
        "coordinates": [
          112.936155,
          28.1507745
        ]
      },
      "properties": {
        "id": "J144",
        "node_class": 1,
        "kind": "intersection",
        "degree": 4,
        "osm_node_id": "9457761075"
      }
    },
    {
      "type": "Feature",
      "geometry": {
        "type": "Point",
        "coordinates": [
          112.9394546,
          28.1513422
        ]
      },
      "properties": {
        "id": "J145",
        "node_class": 1,
        "kind": "intersection",
        "degree": 4,
        "osm_node_id": "9457761076"
      }
    },
    {
      "type": "Feature",
      "geometry": {
        "type": "Point",
        "coordinates": [
          112.9412315,
          28.1529751
        ]
      },
      "properties": {
        "id": "A090",
        "node_class": 0,
        "kind": "continuation",
        "degree": 2,
        "osm_node_id": "9457761093"
      }
    },
    {
      "type": "Feature",
      "geometry": {
        "type": "Point",
        "coordinates": [
          112.9426704,
          28.1530921
        ]
      },
      "properties": {
        "id": "J146",
        "node_class": 1,
        "kind": "intersection",
        "degree": 3,
        "osm_node_id": "9457761115"
      }
    },
    {
      "type": "Feature",
      "geometry": {
        "type": "Point",
        "coordinates": [
          112.9447965,
          28.1540624
        ]
      },
      "properties": {
        "id": "J147",
        "node_class": 1,
        "kind": "intersection",
        "degree": 3,
        "osm_node_id": "9457761116"
      }
    },
    {
      "type": "Feature",
      "geometry": {
        "type": "Point",
        "coordinates": [
          112.9448061,
          28.1541539
        ]
      },
      "properties": {
        "id": "J148",
        "node_class": 1,
        "kind": "intersection",
        "degree": 4,
        "osm_node_id": "9457761123"
      }
    },
    {
      "type": "Feature",
      "geometry": {
        "type": "Point",
        "coordinates": [
          112.9424102,
          28.1536355
        ]
      },
      "properties": {
        "id": "J149",
        "node_class": 1,
        "kind": "intersection",
        "degree": 4,
        "osm_node_id": "9457761141"
      }
    },
    {
      "type": "Feature",
      "geometry": {
        "type": "Point",
        "coordinates": [
          112.9424269,
          28.153537
        ]
      },
      "properties": {
        "id": "J150",
        "node_class": 1,
        "kind": "intersection",
        "degree": 3,
        "osm_node_id": "9457761142"
      }
    },
    {
      "type": "Feature",
      "geometry": {
        "type": "Point",
        "coordinates": [
          112.9425247,
          28.1537289
        ]
      },
      "properties": {
        "id": "J151",
        "node_class": 1,
        "kind": "intersection",
        "degree": 3,
        "osm_node_id": "9457761153"
      }
    },
    {
      "type": "Feature",
      "geometry": {
        "type": "Point",
        "coordinates": [
          112.941812,
          28.1530569
        ]
      },
      "properties": {
        "id": "J152",
        "node_class": 1,
        "kind": "intersection",
        "degree": 3,
        "osm_node_id": "9457761158"
      }
    },
    {
      "type": "Feature",
      "geometry": {
        "type": "Point",
        "coordinates": [
          112.9419614,
          28.1531347
        ]
      },
      "properties": {
        "id": "J153",
        "node_class": 1,
        "kind": "intersection",
        "degree": 4,
        "osm_node_id": "9457761160"
      }
    },
    {
      "type": "Feature",
      "geometry": {
        "type": "Point",
        "coordinates": [
          112.9417982,
          28.1531166
        ]
      },
      "properties": {
        "id": "J154",
        "node_class": 1,
        "kind": "intersection",
        "degree": 3,
        "osm_node_id": "9457761161"
      }
    },
    {
      "type": "Feature",
      "geometry": {
        "type": "Point",
        "coordinates": [
          112.941697,
          28.1530997
        ]
      },
      "properties": {
        "id": "A091",
        "node_class": 0,
        "kind": "continuation",
        "degree": 2,
        "osm_node_id": "9457761162"
      }
    },
    {
      "type": "Feature",
      "geometry": {
        "type": "Point",
        "coordinates": [
          112.9448252,
          28.1540675
        ]
      },
      "properties": {
        "id": "J155",
        "node_class": 1,
        "kind": "intersection",
        "degree": 4,
        "osm_node_id": "9457761164"
      }
    },
    {
      "type": "Feature",
      "geometry": {
        "type": "Point",
        "coordinates": [
          112.9425527,
          28.1531459
        ]
      },
      "properties": {
        "id": "J156",
        "node_class": 1,
        "kind": "intersection",
        "degree": 4,
        "osm_node_id": "9457761177"
      }
    },
    {
      "type": "Feature",
      "geometry": {
        "type": "Point",
        "coordinates": [
          112.9423533,
          28.1534455
        ]
      },
      "properties": {
        "id": "J157",
        "node_class": 1,
        "kind": "intersection",
        "degree": 4,
        "osm_node_id": "9457761178"
      }
    },
    {
      "type": "Feature",
      "geometry": {
        "type": "Point",
        "coordinates": [
          112.9426033,
          28.1547029
        ]
      },
      "properties": {
        "id": "J158",
        "node_class": 1,
        "kind": "intersection",
        "degree": 4,
        "osm_node_id": "9457761187"
      }
    },
    {
      "type": "Feature",
      "geometry": {
        "type": "Point",
        "coordinates": [
          112.9425447,
          28.1546711
        ]
      },
      "properties": {
        "id": "J159",
        "node_class": 1,
        "kind": "intersection",
        "degree": 4,
        "osm_node_id": "9457761192"
      }
    },
    {
      "type": "Feature",
      "geometry": {
        "type": "Point",
        "coordinates": [
          112.9426023,
          28.1546777
        ]
      },
      "properties": {
        "id": "J160",
        "node_class": 1,
        "kind": "intersection",
        "degree": 4,
        "osm_node_id": "9457761193"
      }
    },
    {
      "type": "Feature",
      "geometry": {
        "type": "Point",
        "coordinates": [
          112.9426054,
          28.1548819
        ]
      },
      "properties": {
        "id": "A092",
        "node_class": 0,
        "kind": "endpoint",
        "degree": 1,
        "osm_node_id": "9457761194"
      }
    },
    {
      "type": "Feature",
      "geometry": {
        "type": "Point",
        "coordinates": [
          112.9353108,
          28.1542315
        ]
      },
      "properties": {
        "id": "J161",
        "node_class": 1,
        "kind": "intersection",
        "degree": 3,
        "osm_node_id": "9457761213"
      }
    },
    {
      "type": "Feature",
      "geometry": {
        "type": "Point",
        "coordinates": [
          112.9374875,
          28.1541641
        ]
      },
      "properties": {
        "id": "J162",
        "node_class": 1,
        "kind": "intersection",
        "degree": 4,
        "osm_node_id": "9457761214"
      }
    },
    {
      "type": "Feature",
      "geometry": {
        "type": "Point",
        "coordinates": [
          112.9382974,
          28.1541372
        ]
      },
      "properties": {
        "id": "J163",
        "node_class": 1,
        "kind": "intersection",
        "degree": 4,
        "osm_node_id": "9457761215"
      }
    },
    {
      "type": "Feature",
      "geometry": {
        "type": "Point",
        "coordinates": [
          112.9339407,
          28.1514108
        ]
      },
      "properties": {
        "id": "J164",
        "node_class": 1,
        "kind": "intersection",
        "degree": 3,
        "osm_node_id": "9457761221"
      }
    },
    {
      "type": "Feature",
      "geometry": {
        "type": "Point",
        "coordinates": [
          112.9339429,
          28.1514611
        ]
      },
      "properties": {
        "id": "J165",
        "node_class": 1,
        "kind": "intersection",
        "degree": 4,
        "osm_node_id": "9457761223"
      }
    },
    {
      "type": "Feature",
      "geometry": {
        "type": "Point",
        "coordinates": [
          112.934048,
          28.1535008
        ]
      },
      "properties": {
        "id": "J166",
        "node_class": 1,
        "kind": "intersection",
        "degree": 3,
        "osm_node_id": "9457761231"
      }
    },
    {
      "type": "Feature",
      "geometry": {
        "type": "Point",
        "coordinates": [
          112.9339948,
          28.1519142
        ]
      },
      "properties": {
        "id": "A093",
        "node_class": 0,
        "kind": "continuation",
        "degree": 2,
        "osm_node_id": "9457761237"
      }
    },
    {
      "type": "Feature",
      "geometry": {
        "type": "Point",
        "coordinates": [
          112.9339908,
          28.151732
        ]
      },
      "properties": {
        "id": "A094",
        "node_class": 0,
        "kind": "continuation",
        "degree": 2,
        "osm_node_id": "9457761238"
      }
    },
    {
      "type": "Feature",
      "geometry": {
        "type": "Point",
        "coordinates": [
          112.933982,
          28.1514087
        ]
      },
      "properties": {
        "id": "J167",
        "node_class": 1,
        "kind": "intersection",
        "degree": 3,
        "osm_node_id": "9457761239"
      }
    },
    {
      "type": "Feature",
      "geometry": {
        "type": "Point",
        "coordinates": [
          112.9339833,
          28.1514584
        ]
      },
      "properties": {
        "id": "J168",
        "node_class": 1,
        "kind": "intersection",
        "degree": 4,
        "osm_node_id": "9457761240"
      }
    },
    {
      "type": "Feature",
      "geometry": {
        "type": "Point",
        "coordinates": [
          112.9293357,
          28.1527174
        ]
      },
      "properties": {
        "id": "J169",
        "node_class": 1,
        "kind": "intersection",
        "degree": 4,
        "osm_node_id": "9457761243"
      }
    },
    {
      "type": "Feature",
      "geometry": {
        "type": "Point",
        "coordinates": [
          112.9292783,
          28.1528491
        ]
      },
      "properties": {
        "id": "J170",
        "node_class": 1,
        "kind": "intersection",
        "degree": 4,
        "osm_node_id": "9457761244"
      }
    },
    {
      "type": "Feature",
      "geometry": {
        "type": "Point",
        "coordinates": [
          112.9340219,
          28.1527557
        ]
      },
      "properties": {
        "id": "J171",
        "node_class": 1,
        "kind": "intersection",
        "degree": 4,
        "osm_node_id": "9457761245"
      }
    },
    {
      "type": "Feature",
      "geometry": {
        "type": "Point",
        "coordinates": [
          112.9340271,
          28.1528921
        ]
      },
      "properties": {
        "id": "J172",
        "node_class": 1,
        "kind": "intersection",
        "degree": 4,
        "osm_node_id": "9457761246"
      }
    },
    {
      "type": "Feature",
      "geometry": {
        "type": "Point",
        "coordinates": [
          112.9406447,
          28.1513203
        ]
      },
      "properties": {
        "id": "J173",
        "node_class": 1,
        "kind": "intersection",
        "degree": 3,
        "osm_node_id": "9463877066"
      }
    },
    {
      "type": "Feature",
      "geometry": {
        "type": "Point",
        "coordinates": [
          112.9401647,
          28.1521925
        ]
      },
      "properties": {
        "id": "J174",
        "node_class": 1,
        "kind": "intersection",
        "degree": 4,
        "osm_node_id": "9463877077"
      }
    },
    {
      "type": "Feature",
      "geometry": {
        "type": "Point",
        "coordinates": [
          112.9401109,
          28.1522262
        ]
      },
      "properties": {
        "id": "J175",
        "node_class": 1,
        "kind": "intersection",
        "degree": 3,
        "osm_node_id": "9463877078"
      }
    },
    {
      "type": "Feature",
      "geometry": {
        "type": "Point",
        "coordinates": [
          112.9403908,
          28.1497092
        ]
      },
      "properties": {
        "id": "J176",
        "node_class": 1,
        "kind": "intersection",
        "degree": 3,
        "osm_node_id": "9463897367"
      }
    },
    {
      "type": "Feature",
      "geometry": {
        "type": "Point",
        "coordinates": [
          112.9399692,
          28.1506503
        ]
      },
      "properties": {
        "id": "J177",
        "node_class": 1,
        "kind": "intersection",
        "degree": 3,
        "osm_node_id": "9463897369"
      }
    },
    {
      "type": "Feature",
      "geometry": {
        "type": "Point",
        "coordinates": [
          112.9408138,
          28.1509458
        ]
      },
      "properties": {
        "id": "J178",
        "node_class": 1,
        "kind": "intersection",
        "degree": 3,
        "osm_node_id": "9463897370"
      }
    },
    {
      "type": "Feature",
      "geometry": {
        "type": "Point",
        "coordinates": [
          112.9400898,
          28.1499497
        ]
      },
      "properties": {
        "id": "J179",
        "node_class": 1,
        "kind": "intersection",
        "degree": 3,
        "osm_node_id": "9463897375"
      }
    },
    {
      "type": "Feature",
      "geometry": {
        "type": "Point",
        "coordinates": [
          112.9401321,
          28.1500377
        ]
      },
      "properties": {
        "id": "J180",
        "node_class": 1,
        "kind": "intersection",
        "degree": 3,
        "osm_node_id": "9463897376"
      }
    },
    {
      "type": "Feature",
      "geometry": {
        "type": "Point",
        "coordinates": [
          112.9401898,
          28.1501674
        ]
      },
      "properties": {
        "id": "J181",
        "node_class": 1,
        "kind": "intersection",
        "degree": 3,
        "osm_node_id": "9463897380"
      }
    },
    {
      "type": "Feature",
      "geometry": {
        "type": "Point",
        "coordinates": [
          112.9401021,
          28.1500221
        ]
      },
      "properties": {
        "id": "J182",
        "node_class": 1,
        "kind": "intersection",
        "degree": 3,
        "osm_node_id": "9463897382"
      }
    },
    {
      "type": "Feature",
      "geometry": {
        "type": "Point",
        "coordinates": [
          112.9402573,
          28.1500198
        ]
      },
      "properties": {
        "id": "J183",
        "node_class": 1,
        "kind": "intersection",
        "degree": 3,
        "osm_node_id": "9463897386"
      }
    },
    {
      "type": "Feature",
      "geometry": {
        "type": "Point",
        "coordinates": [
          112.9402081,
          28.1496889
        ]
      },
      "properties": {
        "id": "J184",
        "node_class": 1,
        "kind": "intersection",
        "degree": 3,
        "osm_node_id": "9463897398"
      }
    },
    {
      "type": "Feature",
      "geometry": {
        "type": "Point",
        "coordinates": [
          112.9402265,
          28.1495027
        ]
      },
      "properties": {
        "id": "J185",
        "node_class": 1,
        "kind": "intersection",
        "degree": 3,
        "osm_node_id": "9463897399"
      }
    },
    {
      "type": "Feature",
      "geometry": {
        "type": "Point",
        "coordinates": [
          112.9397975,
          28.1510213
        ]
      },
      "properties": {
        "id": "J186",
        "node_class": 1,
        "kind": "intersection",
        "degree": 4,
        "osm_node_id": "9463897413"
      }
    },
    {
      "type": "Feature",
      "geometry": {
        "type": "Point",
        "coordinates": [
          112.9429852,
          28.1547555
        ]
      },
      "properties": {
        "id": "J187",
        "node_class": 1,
        "kind": "intersection",
        "degree": 4,
        "osm_node_id": "9464413037"
      }
    },
    {
      "type": "Feature",
      "geometry": {
        "type": "Point",
        "coordinates": [
          112.9429907,
          28.1547303
        ]
      },
      "properties": {
        "id": "J188",
        "node_class": 1,
        "kind": "intersection",
        "degree": 3,
        "osm_node_id": "9464413038"
      }
    },
    {
      "type": "Feature",
      "geometry": {
        "type": "Point",
        "coordinates": [
          112.9443035,
          28.1549443
        ]
      },
      "properties": {
        "id": "J189",
        "node_class": 1,
        "kind": "intersection",
        "degree": 4,
        "osm_node_id": "9464413039"
      }
    },
    {
      "type": "Feature",
      "geometry": {
        "type": "Point",
        "coordinates": [
          112.944311,
          28.1549121
        ]
      },
      "properties": {
        "id": "J190",
        "node_class": 1,
        "kind": "intersection",
        "degree": 3,
        "osm_node_id": "9464413040"
      }
    },
    {
      "type": "Feature",
      "geometry": {
        "type": "Point",
        "coordinates": [
          112.9447865,
          28.1541059
        ]
      },
      "properties": {
        "id": "J191",
        "node_class": 1,
        "kind": "intersection",
        "degree": 3,
        "osm_node_id": "9464584667"
      }
    },
    {
      "type": "Feature",
      "geometry": {
        "type": "Point",
        "coordinates": [
          112.9424817,
          28.1536457
        ]
      },
      "properties": {
        "id": "J192",
        "node_class": 1,
        "kind": "intersection",
        "degree": 3,
        "osm_node_id": "9464584669"
      }
    },
    {
      "type": "Feature",
      "geometry": {
        "type": "Point",
        "coordinates": [
          112.9397841,
          28.1531763
        ]
      },
      "properties": {
        "id": "A095",
        "node_class": 0,
        "kind": "endpoint",
        "degree": 1,
        "osm_node_id": "9464584670"
      }
    },
    {
      "type": "Feature",
      "geometry": {
        "type": "Point",
        "coordinates": [
          112.9379229,
          28.1527744
        ]
      },
      "properties": {
        "id": "J193",
        "node_class": 1,
        "kind": "intersection",
        "degree": 3,
        "osm_node_id": "9464597654"
      }
    },
    {
      "type": "Feature",
      "geometry": {
        "type": "Point",
        "coordinates": [
          112.9375911,
          28.1527707
        ]
      },
      "properties": {
        "id": "J194",
        "node_class": 1,
        "kind": "intersection",
        "degree": 3,
        "osm_node_id": "9464597655"
      }
    },
    {
      "type": "Feature",
      "geometry": {
        "type": "Point",
        "coordinates": [
          112.9374938,
          28.1535429
        ]
      },
      "properties": {
        "id": "J195",
        "node_class": 1,
        "kind": "intersection",
        "degree": 3,
        "osm_node_id": "9464597670"
      }
    },
    {
      "type": "Feature",
      "geometry": {
        "type": "Point",
        "coordinates": [
          112.937488,
          28.153924
        ]
      },
      "properties": {
        "id": "J196",
        "node_class": 1,
        "kind": "intersection",
        "degree": 3,
        "osm_node_id": "9464597672"
      }
    },
    {
      "type": "Feature",
      "geometry": {
        "type": "Point",
        "coordinates": [
          112.9375063,
          28.1527697
        ]
      },
      "properties": {
        "id": "J197",
        "node_class": 1,
        "kind": "intersection",
        "degree": 4,
        "osm_node_id": "9464597673"
      }
    },
    {
      "type": "Feature",
      "geometry": {
        "type": "Point",
        "coordinates": [
          112.9375036,
          28.1529354
        ]
      },
      "properties": {
        "id": "J198",
        "node_class": 1,
        "kind": "intersection",
        "degree": 4,
        "osm_node_id": "9464597674"
      }
    },
    {
      "type": "Feature",
      "geometry": {
        "type": "Point",
        "coordinates": [
          112.9349818,
          28.1529205
        ]
      },
      "properties": {
        "id": "J199",
        "node_class": 1,
        "kind": "intersection",
        "degree": 4,
        "osm_node_id": "9464597675"
      }
    },
    {
      "type": "Feature",
      "geometry": {
        "type": "Point",
        "coordinates": [
          112.93494,
          28.1527481
        ]
      },
      "properties": {
        "id": "J200",
        "node_class": 1,
        "kind": "intersection",
        "degree": 3,
        "osm_node_id": "9464597677"
      }
    },
    {
      "type": "Feature",
      "geometry": {
        "type": "Point",
        "coordinates": [
          112.9350458,
          28.1523937
        ]
      },
      "properties": {
        "id": "A096",
        "node_class": 0,
        "kind": "endpoint",
        "degree": 1,
        "osm_node_id": "9464597678"
      }
    },
    {
      "type": "Feature",
      "geometry": {
        "type": "Point",
        "coordinates": [
          112.9386932,
          28.1522562
        ]
      },
      "properties": {
        "id": "J201",
        "node_class": 1,
        "kind": "intersection",
        "degree": 3,
        "osm_node_id": "9464597797"
      }
    },
    {
      "type": "Feature",
      "geometry": {
        "type": "Point",
        "coordinates": [
          112.9374914,
          28.1536951
        ]
      },
      "properties": {
        "id": "J202",
        "node_class": 1,
        "kind": "intersection",
        "degree": 3,
        "osm_node_id": "9464597807"
      }
    },
    {
      "type": "Feature",
      "geometry": {
        "type": "Point",
        "coordinates": [
          112.9317622,
          28.152405
        ]
      },
      "properties": {
        "id": "A097",
        "node_class": 0,
        "kind": "continuation",
        "degree": 2,
        "osm_node_id": "9466479422"
      }
    },
    {
      "type": "Feature",
      "geometry": {
        "type": "Point",
        "coordinates": [
          112.9317408,
          28.1515051
        ]
      },
      "properties": {
        "id": "A098",
        "node_class": 0,
        "kind": "continuation",
        "degree": 2,
        "osm_node_id": "9466479425"
      }
    },
    {
      "type": "Feature",
      "geometry": {
        "type": "Point",
        "coordinates": [
          112.9317461,
          28.1518187
        ]
      },
      "properties": {
        "id": "A099",
        "node_class": 0,
        "kind": "continuation",
        "degree": 2,
        "osm_node_id": "9466479426"
      }
    },
    {
      "type": "Feature",
      "geometry": {
        "type": "Point",
        "coordinates": [
          112.9317524,
          28.1520922
        ]
      },
      "properties": {
        "id": "A100",
        "node_class": 0,
        "kind": "continuation",
        "degree": 2,
        "osm_node_id": "9466479427"
      }
    },
    {
      "type": "Feature",
      "geometry": {
        "type": "Point",
        "coordinates": [
          112.9317839,
          28.1529252
        ]
      },
      "properties": {
        "id": "A101",
        "node_class": 0,
        "kind": "endpoint",
        "degree": 1,
        "osm_node_id": "9466479615"
      }
    },
    {
      "type": "Feature",
      "geometry": {
        "type": "Point",
        "coordinates": [
          112.931772,
          28.1526642
        ]
      },
      "properties": {
        "id": "A102",
        "node_class": 0,
        "kind": "continuation",
        "degree": 2,
        "osm_node_id": "9466479616"
      }
    },
    {
      "type": "Feature",
      "geometry": {
        "type": "Point",
        "coordinates": [
          112.9340646,
          28.1538489
        ]
      },
      "properties": {
        "id": "J203",
        "node_class": 1,
        "kind": "intersection",
        "degree": 3,
        "osm_node_id": "9467746987"
      }
    },
    {
      "type": "Feature",
      "geometry": {
        "type": "Point",
        "coordinates": [
          112.93522,
          28.1538747
        ]
      },
      "properties": {
        "id": "J204",
        "node_class": 1,
        "kind": "intersection",
        "degree": 3,
        "osm_node_id": "9467746988"
      }
    },
    {
      "type": "Feature",
      "geometry": {
        "type": "Point",
        "coordinates": [
          112.9340463,
          28.1534128
        ]
      },
      "properties": {
        "id": "J205",
        "node_class": 1,
        "kind": "intersection",
        "degree": 4,
        "osm_node_id": "9467746990"
      }
    },
    {
      "type": "Feature",
      "geometry": {
        "type": "Point",
        "coordinates": [
          112.9343888,
          28.1534175
        ]
      },
      "properties": {
        "id": "A103",
        "node_class": 0,
        "kind": "endpoint",
        "degree": 1,
        "osm_node_id": "9467746991"
      }
    },
    {
      "type": "Feature",
      "geometry": {
        "type": "Point",
        "coordinates": [
          112.9340137,
          28.1534124
        ]
      },
      "properties": {
        "id": "J206",
        "node_class": 1,
        "kind": "intersection",
        "degree": 3,
        "osm_node_id": "9467930532"
      }
    },
    {
      "type": "Feature",
      "geometry": {
        "type": "Point",
        "coordinates": [
          112.9336021,
          28.1535064
        ]
      },
      "properties": {
        "id": "A104",
        "node_class": 0,
        "kind": "endpoint",
        "degree": 1,
        "osm_node_id": "9467930533"
      }
    },
    {
      "type": "Feature",
      "geometry": {
        "type": "Point",
        "coordinates": [
          112.9339997,
          28.153052
        ]
      },
      "properties": {
        "id": "J207",
        "node_class": 1,
        "kind": "intersection",
        "degree": 3,
        "osm_node_id": "9467930552"
      }
    },
    {
      "type": "Feature",
      "geometry": {
        "type": "Point",
        "coordinates": [
          112.9338042,
          28.1528885
        ]
      },
      "properties": {
        "id": "J208",
        "node_class": 1,
        "kind": "intersection",
        "degree": 3,
        "osm_node_id": "9467930557"
      }
    },
    {
      "type": "Feature",
      "geometry": {
        "type": "Point",
        "coordinates": [
          112.9338096,
          28.1527544
        ]
      },
      "properties": {
        "id": "J209",
        "node_class": 1,
        "kind": "intersection",
        "degree": 3,
        "osm_node_id": "9467930558"
      }
    },
    {
      "type": "Feature",
      "geometry": {
        "type": "Point",
        "coordinates": [
          112.9339865,
          28.1526292
        ]
      },
      "properties": {
        "id": "J210",
        "node_class": 1,
        "kind": "intersection",
        "degree": 3,
        "osm_node_id": "9467930563"
      }
    },
    {
      "type": "Feature",
      "geometry": {
        "type": "Point",
        "coordinates": [
          112.934564,
          28.1543539
        ]
      },
      "properties": {
        "id": "A105",
        "node_class": 0,
        "kind": "endpoint",
        "degree": 1,
        "osm_node_id": "9467930573"
      }
    },
    {
      "type": "Feature",
      "geometry": {
        "type": "Point",
        "coordinates": [
          112.9345611,
          28.1542833
        ]
      },
      "properties": {
        "id": "J211",
        "node_class": 1,
        "kind": "intersection",
        "degree": 3,
        "osm_node_id": "9467930574"
      }
    },
    {
      "type": "Feature",
      "geometry": {
        "type": "Point",
        "coordinates": [
          112.9351401,
          28.1543688
        ]
      },
      "properties": {
        "id": "A106",
        "node_class": 0,
        "kind": "endpoint",
        "degree": 1,
        "osm_node_id": "9467930576"
      }
    },
    {
      "type": "Feature",
      "geometry": {
        "type": "Point",
        "coordinates": [
          112.9351365,
          28.154265
        ]
      },
      "properties": {
        "id": "J212",
        "node_class": 1,
        "kind": "intersection",
        "degree": 3,
        "osm_node_id": "9467930577"
      }
    },
    {
      "type": "Feature",
      "geometry": {
        "type": "Point",
        "coordinates": [
          112.9382708,
          28.1541381
        ]
      },
      "properties": {
        "id": "J213",
        "node_class": 1,
        "kind": "intersection",
        "degree": 4,
        "osm_node_id": "9468073821"
      }
    },
    {
      "type": "Feature",
      "geometry": {
        "type": "Point",
        "coordinates": [
          112.9382746,
          28.1527787
        ]
      },
      "properties": {
        "id": "J214",
        "node_class": 1,
        "kind": "intersection",
        "degree": 4,
        "osm_node_id": "9468073822"
      }
    },
    {
      "type": "Feature",
      "geometry": {
        "type": "Point",
        "coordinates": [
          112.9387375,
          28.1521526
        ]
      },
      "properties": {
        "id": "A107",
        "node_class": 0,
        "kind": "continuation",
        "degree": 2,
        "osm_node_id": "9468073825"
      }
    },
    {
      "type": "Feature",
      "geometry": {
        "type": "Point",
        "coordinates": [
          112.9382744,
          28.1529324
        ]
      },
      "properties": {
        "id": "J215",
        "node_class": 1,
        "kind": "intersection",
        "degree": 4,
        "osm_node_id": "9468073826"
      }
    },
    {
      "type": "Feature",
      "geometry": {
        "type": "Point",
        "coordinates": [
          112.938273,
          28.1536696
        ]
      },
      "properties": {
        "id": "J216",
        "node_class": 1,
        "kind": "intersection",
        "degree": 4,
        "osm_node_id": "9468073828"
      }
    },
    {
      "type": "Feature",
      "geometry": {
        "type": "Point",
        "coordinates": [
          112.938659,
          28.1522484
        ]
      },
      "properties": {
        "id": "J217",
        "node_class": 1,
        "kind": "intersection",
        "degree": 4,
        "osm_node_id": "9468073829"
      }
    },
    {
      "type": "Feature",
      "geometry": {
        "type": "Point",
        "coordinates": [
          112.9382699,
          28.1541722
        ]
      },
      "properties": {
        "id": "J218",
        "node_class": 1,
        "kind": "intersection",
        "degree": 4,
        "osm_node_id": "9468073830"
      }
    },
    {
      "type": "Feature",
      "geometry": {
        "type": "Point",
        "coordinates": [
          112.9392895,
          28.1514943
        ]
      },
      "properties": {
        "id": "A108",
        "node_class": 0,
        "kind": "continuation",
        "degree": 2,
        "osm_node_id": "9468073831"
      }
    },
    {
      "type": "Feature",
      "geometry": {
        "type": "Point",
        "coordinates": [
          112.939435,
          28.1513184
        ]
      },
      "properties": {
        "id": "J219",
        "node_class": 1,
        "kind": "intersection",
        "degree": 4,
        "osm_node_id": "9468073832"
      }
    },
    {
      "type": "Feature",
      "geometry": {
        "type": "Point",
        "coordinates": [
          112.9394688,
          28.1512608
        ]
      },
      "properties": {
        "id": "J220",
        "node_class": 1,
        "kind": "intersection",
        "degree": 4,
        "osm_node_id": "9468073833"
      }
    },
    {
      "type": "Feature",
      "geometry": {
        "type": "Point",
        "coordinates": [
          112.9393552,
          28.1514642
        ]
      },
      "properties": {
        "id": "J221",
        "node_class": 1,
        "kind": "intersection",
        "degree": 3,
        "osm_node_id": "9468073848"
      }
    },
    {
      "type": "Feature",
      "geometry": {
        "type": "Point",
        "coordinates": [
          112.9393691,
          28.1513981
        ]
      },
      "properties": {
        "id": "J222",
        "node_class": 1,
        "kind": "intersection",
        "degree": 3,
        "osm_node_id": "9468073849"
      }
    },
    {
      "type": "Feature",
      "geometry": {
        "type": "Point",
        "coordinates": [
          112.9382702,
          28.1542518
        ]
      },
      "properties": {
        "id": "A109",
        "node_class": 0,
        "kind": "endpoint",
        "degree": 1,
        "osm_node_id": "9468073869"
      }
    },
    {
      "type": "Feature",
      "geometry": {
        "type": "Point",
        "coordinates": [
          112.9364699,
          28.1542964
        ]
      },
      "properties": {
        "id": "A110",
        "node_class": 0,
        "kind": "endpoint",
        "degree": 1,
        "osm_node_id": "9468073870"
      }
    },
    {
      "type": "Feature",
      "geometry": {
        "type": "Point",
        "coordinates": [
          112.9364675,
          28.1542235
        ]
      },
      "properties": {
        "id": "J223",
        "node_class": 1,
        "kind": "intersection",
        "degree": 4,
        "osm_node_id": "9468073871"
      }
    },
    {
      "type": "Feature",
      "geometry": {
        "type": "Point",
        "coordinates": [
          112.9364668,
          28.1541936
        ]
      },
      "properties": {
        "id": "J224",
        "node_class": 1,
        "kind": "intersection",
        "degree": 3,
        "osm_node_id": "9468073872"
      }
    },
    {
      "type": "Feature",
      "geometry": {
        "type": "Point",
        "coordinates": [
          112.9287695,
          28.1540593
        ]
      },
      "properties": {
        "id": "J225",
        "node_class": 1,
        "kind": "intersection",
        "degree": 3,
        "osm_node_id": "9483370942"
      }
    },
    {
      "type": "Feature",
      "geometry": {
        "type": "Point",
        "coordinates": [
          112.9306844,
          28.1512828
        ]
      },
      "properties": {
        "id": "J226",
        "node_class": 1,
        "kind": "intersection",
        "degree": 3,
        "osm_node_id": "9483370969"
      }
    },
    {
      "type": "Feature",
      "geometry": {
        "type": "Point",
        "coordinates": [
          112.9284719,
          28.1526066
        ]
      },
      "properties": {
        "id": "J227",
        "node_class": 1,
        "kind": "intersection",
        "degree": 3,
        "osm_node_id": "9483370981"
      }
    },
    {
      "type": "Feature",
      "geometry": {
        "type": "Point",
        "coordinates": [
          112.9293233,
          28.1526177
        ]
      },
      "properties": {
        "id": "J228",
        "node_class": 1,
        "kind": "intersection",
        "degree": 4,
        "osm_node_id": "9483370985"
      }
    },
    {
      "type": "Feature",
      "geometry": {
        "type": "Point",
        "coordinates": [
          112.9293729,
          28.1526397
        ]
      },
      "properties": {
        "id": "J229",
        "node_class": 1,
        "kind": "intersection",
        "degree": 3,
        "osm_node_id": "9483370986"
      }
    },
    {
      "type": "Feature",
      "geometry": {
        "type": "Point",
        "coordinates": [
          112.9289496,
          28.1539347
        ]
      },
      "properties": {
        "id": "J230",
        "node_class": 1,
        "kind": "intersection",
        "degree": 4,
        "osm_node_id": "9483370988"
      }
    },
    {
      "type": "Feature",
      "geometry": {
        "type": "Point",
        "coordinates": [
          112.9290367,
          28.1548647
        ]
      },
      "properties": {
        "id": "J231",
        "node_class": 1,
        "kind": "intersection",
        "degree": 3,
        "osm_node_id": "9483370995"
      }
    },
    {
      "type": "Feature",
      "geometry": {
        "type": "Point",
        "coordinates": [
          112.9289481,
          28.1540531
        ]
      },
      "properties": {
        "id": "J232",
        "node_class": 1,
        "kind": "intersection",
        "degree": 3,
        "osm_node_id": "9483370997"
      }
    },
    {
      "type": "Feature",
      "geometry": {
        "type": "Point",
        "coordinates": [
          112.9289158,
          28.1538182
        ]
      },
      "properties": {
        "id": "J233",
        "node_class": 1,
        "kind": "intersection",
        "degree": 3,
        "osm_node_id": "9483371002"
      }
    },
    {
      "type": "Feature",
      "geometry": {
        "type": "Point",
        "coordinates": [
          112.9288819,
          28.1538073
        ]
      },
      "properties": {
        "id": "A111",
        "node_class": 0,
        "kind": "endpoint",
        "degree": 1,
        "osm_node_id": "9483371003"
      }
    },
    {
      "type": "Feature",
      "geometry": {
        "type": "Point",
        "coordinates": [
          112.9290301,
          28.1538911
        ]
      },
      "properties": {
        "id": "J234",
        "node_class": 1,
        "kind": "intersection",
        "degree": 3,
        "osm_node_id": "9483371007"
      }
    },
    {
      "type": "Feature",
      "geometry": {
        "type": "Point",
        "coordinates": [
          112.929064,
          28.1538901
        ]
      },
      "properties": {
        "id": "J235",
        "node_class": 1,
        "kind": "intersection",
        "degree": 4,
        "osm_node_id": "9483371008"
      }
    },
    {
      "type": "Feature",
      "geometry": {
        "type": "Point",
        "coordinates": [
          112.9291265,
          28.1538865
        ]
      },
      "properties": {
        "id": "J236",
        "node_class": 1,
        "kind": "intersection",
        "degree": 3,
        "osm_node_id": "9483371009"
      }
    },
    {
      "type": "Feature",
      "geometry": {
        "type": "Point",
        "coordinates": [
          112.9268675,
          28.1593284
        ]
      },
      "properties": {
        "id": "A112",
        "node_class": 0,
        "kind": "continuation",
        "degree": 2,
        "osm_node_id": "9483371093"
      }
    },
    {
      "type": "Feature",
      "geometry": {
        "type": "Point",
        "coordinates": [
          112.9269682,
          28.1634363
        ]
      },
      "properties": {
        "id": "J237",
        "node_class": 1,
        "kind": "intersection",
        "degree": 3,
        "osm_node_id": "9483371115"
      }
    },
    {
      "type": "Feature",
      "geometry": {
        "type": "Point",
        "coordinates": [
          112.9274676,
          28.165441
        ]
      },
      "properties": {
        "id": "A113",
        "node_class": 0,
        "kind": "endpoint",
        "degree": 1,
        "osm_node_id": "9490553927"
      }
    },
    {
      "type": "Feature",
      "geometry": {
        "type": "Point",
        "coordinates": [
          112.9285288,
          28.1644964
        ]
      },
      "properties": {
        "id": "J238",
        "node_class": 1,
        "kind": "intersection",
        "degree": 4,
        "osm_node_id": "9490553951"
      }
    },
    {
      "type": "Feature",
      "geometry": {
        "type": "Point",
        "coordinates": [
          112.9263604,
          28.1639006
        ]
      },
      "properties": {
        "id": "J239",
        "node_class": 1,
        "kind": "intersection",
        "degree": 3,
        "osm_node_id": "9490554049"
      }
    },
    {
      "type": "Feature",
      "geometry": {
        "type": "Point",
        "coordinates": [
          112.9265143,
          28.1628418
        ]
      },
      "properties": {
        "id": "J240",
        "node_class": 1,
        "kind": "intersection",
        "degree": 3,
        "osm_node_id": "9490554067"
      }
    },
    {
      "type": "Feature",
      "geometry": {
        "type": "Point",
        "coordinates": [
          112.9268508,
          28.1634264
        ]
      },
      "properties": {
        "id": "J241",
        "node_class": 1,
        "kind": "intersection",
        "degree": 3,
        "osm_node_id": "9490554068"
      }
    },
    {
      "type": "Feature",
      "geometry": {
        "type": "Point",
        "coordinates": [
          112.929567,
          28.1614757
        ]
      },
      "properties": {
        "id": "J242",
        "node_class": 1,
        "kind": "intersection",
        "degree": 4,
        "osm_node_id": "9490764412"
      }
    },
    {
      "type": "Feature",
      "geometry": {
        "type": "Point",
        "coordinates": [
          112.9299338,
          28.1619289
        ]
      },
      "properties": {
        "id": "J243",
        "node_class": 1,
        "kind": "intersection",
        "degree": 3,
        "osm_node_id": "9490764413"
      }
    },
    {
      "type": "Feature",
      "geometry": {
        "type": "Point",
        "coordinates": [
          112.9295373,
          28.1614941
        ]
      },
      "properties": {
        "id": "J244",
        "node_class": 1,
        "kind": "intersection",
        "degree": 3,
        "osm_node_id": "9490764420"
      }
    },
    {
      "type": "Feature",
      "geometry": {
        "type": "Point",
        "coordinates": [
          112.9323089,
          28.161956
        ]
      },
      "properties": {
        "id": "A114",
        "node_class": 0,
        "kind": "endpoint",
        "degree": 1,
        "osm_node_id": "9491091613"
      }
    },
    {
      "type": "Feature",
      "geometry": {
        "type": "Point",
        "coordinates": [
          112.932923,
          28.1649859
        ]
      },
      "properties": {
        "id": "J245",
        "node_class": 1,
        "kind": "intersection",
        "degree": 3,
        "osm_node_id": "9491091648"
      }
    },
    {
      "type": "Feature",
      "geometry": {
        "type": "Point",
        "coordinates": [
          112.9316754,
          28.1648922
        ]
      },
      "properties": {
        "id": "J246",
        "node_class": 1,
        "kind": "intersection",
        "degree": 3,
        "osm_node_id": "9492064591"
      }
    },
    {
      "type": "Feature",
      "geometry": {
        "type": "Point",
        "coordinates": [
          112.9315572,
          28.16497
        ]
      },
      "properties": {
        "id": "J247",
        "node_class": 1,
        "kind": "intersection",
        "degree": 3,
        "osm_node_id": "9492064609"
      }
    },
    {
      "type": "Feature",
      "geometry": {
        "type": "Point",
        "coordinates": [
          112.9292679,
          28.16271
        ]
      },
      "properties": {
        "id": "J248",
        "node_class": 1,
        "kind": "intersection",
        "degree": 3,
        "osm_node_id": "9493016101"
      }
    },
    {
      "type": "Feature",
      "geometry": {
        "type": "Point",
        "coordinates": [
          112.9292327,
          28.1627449
        ]
      },
      "properties": {
        "id": "J249",
        "node_class": 1,
        "kind": "intersection",
        "degree": 3,
        "osm_node_id": "9493016102"
      }
    },
    {
      "type": "Feature",
      "geometry": {
        "type": "Point",
        "coordinates": [
          112.9291893,
          28.1626865
        ]
      },
      "properties": {
        "id": "J250",
        "node_class": 1,
        "kind": "intersection",
        "degree": 4,
        "osm_node_id": "9493016105"
      }
    },
    {
      "type": "Feature",
      "geometry": {
        "type": "Point",
        "coordinates": [
          112.9311199,
          28.1683175
        ]
      },
      "properties": {
        "id": "J251",
        "node_class": 1,
        "kind": "intersection",
        "degree": 4,
        "osm_node_id": "9512719761"
      }
    },
    {
      "type": "Feature",
      "geometry": {
        "type": "Point",
        "coordinates": [
          112.9323541,
          28.1684195
        ]
      },
      "properties": {
        "id": "A115",
        "node_class": 0,
        "kind": "endpoint",
        "degree": 1,
        "osm_node_id": "9512719762"
      }
    },
    {
      "type": "Feature",
      "geometry": {
        "type": "Point",
        "coordinates": [
          112.9311451,
          28.1680902
        ]
      },
      "properties": {
        "id": "J252",
        "node_class": 1,
        "kind": "intersection",
        "degree": 4,
        "osm_node_id": "9512719763"
      }
    },
    {
      "type": "Feature",
      "geometry": {
        "type": "Point",
        "coordinates": [
          112.9318855,
          28.1683808
        ]
      },
      "properties": {
        "id": "J253",
        "node_class": 1,
        "kind": "intersection",
        "degree": 3,
        "osm_node_id": "9512719765"
      }
    },
    {
      "type": "Feature",
      "geometry": {
        "type": "Point",
        "coordinates": [
          112.9320323,
          28.1672531
        ]
      },
      "properties": {
        "id": "J254",
        "node_class": 1,
        "kind": "intersection",
        "degree": 3,
        "osm_node_id": "9512719766"
      }
    },
    {
      "type": "Feature",
      "geometry": {
        "type": "Point",
        "coordinates": [
          112.9319164,
          28.1681538
        ]
      },
      "properties": {
        "id": "J255",
        "node_class": 1,
        "kind": "intersection",
        "degree": 4,
        "osm_node_id": "9512719767"
      }
    },
    {
      "type": "Feature",
      "geometry": {
        "type": "Point",
        "coordinates": [
          112.9312472,
          28.1671678
        ]
      },
      "properties": {
        "id": "J256",
        "node_class": 1,
        "kind": "intersection",
        "degree": 4,
        "osm_node_id": "9512719768"
      }
    },
    {
      "type": "Feature",
      "geometry": {
        "type": "Point",
        "coordinates": [
          112.9333812,
          28.1671557
        ]
      },
      "properties": {
        "id": "A116",
        "node_class": 0,
        "kind": "continuation",
        "degree": 2,
        "osm_node_id": "9512719774"
      }
    },
    {
      "type": "Feature",
      "geometry": {
        "type": "Point",
        "coordinates": [
          112.9324649,
          28.1677248
        ]
      },
      "properties": {
        "id": "J257",
        "node_class": 1,
        "kind": "intersection",
        "degree": 3,
        "osm_node_id": "9512719777"
      }
    },
    {
      "type": "Feature",
      "geometry": {
        "type": "Point",
        "coordinates": [
          112.9324881,
          28.1677173
        ]
      },
      "properties": {
        "id": "J258",
        "node_class": 1,
        "kind": "intersection",
        "degree": 3,
        "osm_node_id": "9512719778"
      }
    },
    {
      "type": "Feature",
      "geometry": {
        "type": "Point",
        "coordinates": [
          112.9325154,
          28.1675218
        ]
      },
      "properties": {
        "id": "J259",
        "node_class": 1,
        "kind": "intersection",
        "degree": 3,
        "osm_node_id": "9512719779"
      }
    },
    {
      "type": "Feature",
      "geometry": {
        "type": "Point",
        "coordinates": [
          112.93257,
          28.1675275
        ]
      },
      "properties": {
        "id": "J260",
        "node_class": 1,
        "kind": "intersection",
        "degree": 3,
        "osm_node_id": "9512719780"
      }
    },
    {
      "type": "Feature",
      "geometry": {
        "type": "Point",
        "coordinates": [
          112.9326072,
          28.1672746
        ]
      },
      "properties": {
        "id": "J261",
        "node_class": 1,
        "kind": "intersection",
        "degree": 3,
        "osm_node_id": "9512719781"
      }
    },
    {
      "type": "Feature",
      "geometry": {
        "type": "Point",
        "coordinates": [
          112.932004,
          28.167473
        ]
      },
      "properties": {
        "id": "J262",
        "node_class": 1,
        "kind": "intersection",
        "degree": 3,
        "osm_node_id": "9512719782"
      }
    },
    {
      "type": "Feature",
      "geometry": {
        "type": "Point",
        "coordinates": [
          112.9329167,
          28.1675769
        ]
      },
      "properties": {
        "id": "A117",
        "node_class": 0,
        "kind": "endpoint",
        "degree": 1,
        "osm_node_id": "9512719783"
      }
    },
    {
      "type": "Feature",
      "geometry": {
        "type": "Point",
        "coordinates": [
          112.9328558,
          28.1677646
        ]
      },
      "properties": {
        "id": "A118",
        "node_class": 0,
        "kind": "endpoint",
        "degree": 1,
        "osm_node_id": "9512719784"
      }
    },
    {
      "type": "Feature",
      "geometry": {
        "type": "Point",
        "coordinates": [
          112.9319775,
          28.1676793
        ]
      },
      "properties": {
        "id": "J263",
        "node_class": 1,
        "kind": "intersection",
        "degree": 3,
        "osm_node_id": "9512719785"
      }
    },
    {
      "type": "Feature",
      "geometry": {
        "type": "Point",
        "coordinates": [
          112.933468,
          28.1662773
        ]
      },
      "properties": {
        "id": "A119",
        "node_class": 0,
        "kind": "continuation",
        "degree": 2,
        "osm_node_id": "9512719786"
      }
    },
    {
      "type": "Feature",
      "geometry": {
        "type": "Point",
        "coordinates": [
          112.9313688,
          28.1660698
        ]
      },
      "properties": {
        "id": "J264",
        "node_class": 1,
        "kind": "intersection",
        "degree": 3,
        "osm_node_id": "9512719787"
      }
    },
    {
      "type": "Feature",
      "geometry": {
        "type": "Point",
        "coordinates": [
          112.9329292,
          28.1662235
        ]
      },
      "properties": {
        "id": "J265",
        "node_class": 1,
        "kind": "intersection",
        "degree": 3,
        "osm_node_id": "9512719799"
      }
    },
    {
      "type": "Feature",
      "geometry": {
        "type": "Point",
        "coordinates": [
          112.9327947,
          28.1672968
        ]
      },
      "properties": {
        "id": "J266",
        "node_class": 1,
        "kind": "intersection",
        "degree": 3,
        "osm_node_id": "9512719800"
      }
    },
    {
      "type": "Feature",
      "geometry": {
        "type": "Point",
        "coordinates": [
          112.9327839,
          28.1662097
        ]
      },
      "properties": {
        "id": "J267",
        "node_class": 1,
        "kind": "intersection",
        "degree": 3,
        "osm_node_id": "9512719801"
      }
    },
    {
      "type": "Feature",
      "geometry": {
        "type": "Point",
        "coordinates": [
          112.9334788,
          28.1660007
        ]
      },
      "properties": {
        "id": "A120",
        "node_class": 0,
        "kind": "endpoint",
        "degree": 1,
        "osm_node_id": "9512719802"
      }
    },
    {
      "type": "Feature",
      "geometry": {
        "type": "Point",
        "coordinates": [
          112.9328168,
          28.1659201
        ]
      },
      "properties": {
        "id": "J268",
        "node_class": 1,
        "kind": "intersection",
        "degree": 3,
        "osm_node_id": "9512719803"
      }
    },
    {
      "type": "Feature",
      "geometry": {
        "type": "Point",
        "coordinates": [
          112.9334286,
          28.1656662
        ]
      },
      "properties": {
        "id": "A121",
        "node_class": 0,
        "kind": "endpoint",
        "degree": 1,
        "osm_node_id": "9512719804"
      }
    },
    {
      "type": "Feature",
      "geometry": {
        "type": "Point",
        "coordinates": [
          112.9328518,
          28.1656121
        ]
      },
      "properties": {
        "id": "J269",
        "node_class": 1,
        "kind": "intersection",
        "degree": 3,
        "osm_node_id": "9512719805"
      }
    },
    {
      "type": "Feature",
      "geometry": {
        "type": "Point",
        "coordinates": [
          112.9334344,
          28.1653944
        ]
      },
      "properties": {
        "id": "A122",
        "node_class": 0,
        "kind": "endpoint",
        "degree": 1,
        "osm_node_id": "9512719806"
      }
    },
    {
      "type": "Feature",
      "geometry": {
        "type": "Point",
        "coordinates": [
          112.932883,
          28.165338
        ]
      },
      "properties": {
        "id": "J270",
        "node_class": 1,
        "kind": "intersection",
        "degree": 3,
        "osm_node_id": "9512719807"
      }
    },
    {
      "type": "Feature",
      "geometry": {
        "type": "Point",
        "coordinates": [
          112.9328206,
          28.1670901
        ]
      },
      "properties": {
        "id": "J271",
        "node_class": 1,
        "kind": "intersection",
        "degree": 3,
        "osm_node_id": "9512719809"
      }
    },
    {
      "type": "Feature",
      "geometry": {
        "type": "Point",
        "coordinates": [
          112.9322356,
          28.1666306
        ]
      },
      "properties": {
        "id": "A123",
        "node_class": 0,
        "kind": "endpoint",
        "degree": 1,
        "osm_node_id": "9512737219"
      }
    },
    {
      "type": "Feature",
      "geometry": {
        "type": "Point",
        "coordinates": [
          112.9314491,
          28.1667632
        ]
      },
      "properties": {
        "id": "J272",
        "node_class": 1,
        "kind": "intersection",
        "degree": 3,
        "osm_node_id": "9512737222"
      }
    },
    {
      "type": "Feature",
      "geometry": {
        "type": "Point",
        "coordinates": [
          112.9312936,
          28.1667486
        ]
      },
      "properties": {
        "id": "J273",
        "node_class": 1,
        "kind": "intersection",
        "degree": 4,
        "osm_node_id": "9512737223"
      }
    },
    {
      "type": "Feature",
      "geometry": {
        "type": "Point",
        "coordinates": [
          112.9312344,
          28.1667446
        ]
      },
      "properties": {
        "id": "J274",
        "node_class": 1,
        "kind": "intersection",
        "degree": 3,
        "osm_node_id": "9512737224"
      }
    },
    {
      "type": "Feature",
      "geometry": {
        "type": "Point",
        "coordinates": [
          112.9311892,
          28.1671619
        ]
      },
      "properties": {
        "id": "J275",
        "node_class": 1,
        "kind": "intersection",
        "degree": 3,
        "osm_node_id": "9512737225"
      }
    },
    {
      "type": "Feature",
      "geometry": {
        "type": "Point",
        "coordinates": [
          112.9310892,
          28.1680852
        ]
      },
      "properties": {
        "id": "J276",
        "node_class": 1,
        "kind": "intersection",
        "degree": 3,
        "osm_node_id": "9512737226"
      }
    },
    {
      "type": "Feature",
      "geometry": {
        "type": "Point",
        "coordinates": [
          112.9310646,
          28.1683131
        ]
      },
      "properties": {
        "id": "J277",
        "node_class": 1,
        "kind": "intersection",
        "degree": 3,
        "osm_node_id": "9512737227"
      }
    },
    {
      "type": "Feature",
      "geometry": {
        "type": "Point",
        "coordinates": [
          112.9319389,
          28.1679793
        ]
      },
      "properties": {
        "id": "J278",
        "node_class": 1,
        "kind": "intersection",
        "degree": 3,
        "osm_node_id": "9512737228"
      }
    },
    {
      "type": "Feature",
      "geometry": {
        "type": "Point",
        "coordinates": [
          112.9324333,
          28.168024
        ]
      },
      "properties": {
        "id": "J279",
        "node_class": 1,
        "kind": "intersection",
        "degree": 3,
        "osm_node_id": "9512737229"
      }
    },
    {
      "type": "Feature",
      "geometry": {
        "type": "Point",
        "coordinates": [
          112.9306169,
          28.1653329
        ]
      },
      "properties": {
        "id": "A124",
        "node_class": 0,
        "kind": "endpoint",
        "degree": 1,
        "osm_node_id": "9512737230"
      }
    },
    {
      "type": "Feature",
      "geometry": {
        "type": "Point",
        "coordinates": [
          112.9313779,
          28.1654187
        ]
      },
      "properties": {
        "id": "J280",
        "node_class": 1,
        "kind": "intersection",
        "degree": 4,
        "osm_node_id": "9512737242"
      }
    },
    {
      "type": "Feature",
      "geometry": {
        "type": "Point",
        "coordinates": [
          112.9314401,
          28.165425
        ]
      },
      "properties": {
        "id": "J281",
        "node_class": 1,
        "kind": "intersection",
        "degree": 3,
        "osm_node_id": "9512737243"
      }
    },
    {
      "type": "Feature",
      "geometry": {
        "type": "Point",
        "coordinates": [
          112.9313599,
          28.1655849
        ]
      },
      "properties": {
        "id": "J282",
        "node_class": 1,
        "kind": "intersection",
        "degree": 4,
        "osm_node_id": "9512737245"
      }
    },
    {
      "type": "Feature",
      "geometry": {
        "type": "Point",
        "coordinates": [
          112.9314218,
          28.1655904
        ]
      },
      "properties": {
        "id": "J283",
        "node_class": 1,
        "kind": "intersection",
        "degree": 3,
        "osm_node_id": "9512737246"
      }
    },
    {
      "type": "Feature",
      "geometry": {
        "type": "Point",
        "coordinates": [
          112.93017,
          28.1649386
        ]
      },
      "properties": {
        "id": "J284",
        "node_class": 1,
        "kind": "intersection",
        "degree": 3,
        "osm_node_id": "9512737255"
      }
    },
    {
      "type": "Feature",
      "geometry": {
        "type": "Point",
        "coordinates": [
          112.9297601,
          28.1649122
        ]
      },
      "properties": {
        "id": "A125",
        "node_class": 0,
        "kind": "endpoint",
        "degree": 1,
        "osm_node_id": "9512737258"
      }
    },
    {
      "type": "Feature",
      "geometry": {
        "type": "Point",
        "coordinates": [
          112.9302151,
          28.1645203
        ]
      },
      "properties": {
        "id": "J285",
        "node_class": 1,
        "kind": "intersection",
        "degree": 3,
        "osm_node_id": "9512737276"
      }
    },
    {
      "type": "Feature",
      "geometry": {
        "type": "Point",
        "coordinates": [
          112.9285337,
          28.1644638
        ]
      },
      "properties": {
        "id": "J286",
        "node_class": 1,
        "kind": "intersection",
        "degree": 4,
        "osm_node_id": "9512737281"
      }
    },
    {
      "type": "Feature",
      "geometry": {
        "type": "Point",
        "coordinates": [
          112.9275262,
          28.1642832
        ]
      },
      "properties": {
        "id": "A126",
        "node_class": 0,
        "kind": "endpoint",
        "degree": 1,
        "osm_node_id": "9512737284"
      }
    },
    {
      "type": "Feature",
      "geometry": {
        "type": "Point",
        "coordinates": [
          112.9340644,
          28.1501457
        ]
      },
      "properties": {
        "id": "J287",
        "node_class": 1,
        "kind": "intersection",
        "degree": 3,
        "osm_node_id": "9664015327"
      }
    },
    {
      "type": "Feature",
      "geometry": {
        "type": "Point",
        "coordinates": [
          112.935585,
          28.1505667
        ]
      },
      "properties": {
        "id": "J288",
        "node_class": 1,
        "kind": "intersection",
        "degree": 3,
        "osm_node_id": "9664015334"
      }
    },
    {
      "type": "Feature",
      "geometry": {
        "type": "Point",
        "coordinates": [
          112.9329773,
          28.1513677
        ]
      },
      "properties": {
        "id": "J289",
        "node_class": 1,
        "kind": "intersection",
        "degree": 3,
        "osm_node_id": "9664015340"
      }
    },
    {
      "type": "Feature",
      "geometry": {
        "type": "Point",
        "coordinates": [
          112.9347141,
          28.151329
        ]
      },
      "properties": {
        "id": "J290",
        "node_class": 1,
        "kind": "intersection",
        "degree": 3,
        "osm_node_id": "9664015341"
      }
    },
    {
      "type": "Feature",
      "geometry": {
        "type": "Point",
        "coordinates": [
          112.9341535,
          28.1500471
        ]
      },
      "properties": {
        "id": "J291",
        "node_class": 1,
        "kind": "intersection",
        "degree": 3,
        "osm_node_id": "9664015342"
      }
    },
    {
      "type": "Feature",
      "geometry": {
        "type": "Point",
        "coordinates": [
          112.9354944,
          28.1505016
        ]
      },
      "properties": {
        "id": "J292",
        "node_class": 1,
        "kind": "intersection",
        "degree": 3,
        "osm_node_id": "9664015353"
      }
    },
    {
      "type": "Feature",
      "geometry": {
        "type": "Point",
        "coordinates": [
          112.9373303,
          28.1504608
        ]
      },
      "properties": {
        "id": "J293",
        "node_class": 1,
        "kind": "intersection",
        "degree": 3,
        "osm_node_id": "9664015408"
      }
    },
    {
      "type": "Feature",
      "geometry": {
        "type": "Point",
        "coordinates": [
          112.9388061,
          28.150795
        ]
      },
      "properties": {
        "id": "J294",
        "node_class": 1,
        "kind": "intersection",
        "degree": 3,
        "osm_node_id": "9664015409"
      }
    },
    {
      "type": "Feature",
      "geometry": {
        "type": "Point",
        "coordinates": [
          112.93079789995483,
          28.16260755
        ]
      },
      "properties": {
        "id": "B001",
        "node_class": 2,
        "kind": "building",
        "name": "升华学生公寓 24 栋",
        "height_m": 12,
        "height_source": "示意高度 12 m",
        "osm_way_id": "155469202",
        "connection_status": "unconnected; entrance survey required"
      }
    },
    {
      "type": "Feature",
      "geometry": {
        "type": "Point",
        "coordinates": [
          112.93904690571014,
          28.153106100000002
        ]
      },
      "properties": {
        "id": "B002",
        "node_class": 2,
        "kind": "building",
        "name": "中南大学新校区 图书馆",
        "height_m": 21.0,
        "height_source": "OSM height",
        "osm_way_id": "272333087",
        "connection_status": "unconnected; entrance survey required"
      }
    },
    {
      "type": "Feature",
      "geometry": {
        "type": "Point",
        "coordinates": [
          112.93072649999999,
          28.16227275
        ]
      },
      "properties": {
        "id": "B003",
        "node_class": 2,
        "kind": "building",
        "name": "升华学生公寓 21 栋",
        "height_m": 12,
        "height_source": "示意高度 12 m",
        "osm_way_id": "279349826",
        "connection_status": "unconnected; entrance survey required"
      }
    },
    {
      "type": "Feature",
      "geometry": {
        "type": "Point",
        "coordinates": [
          112.93000140289459,
          28.16237865
        ]
      },
      "properties": {
        "id": "B004",
        "node_class": 2,
        "kind": "building",
        "name": "中南大学二食堂",
        "height_m": 12,
        "height_source": "示意高度 12 m",
        "osm_way_id": "289010341",
        "connection_status": "unconnected; entrance survey required"
      }
    },
    {
      "type": "Feature",
      "geometry": {
        "type": "Point",
        "coordinates": [
          112.93321935834939,
          28.165801000000002
        ]
      },
      "properties": {
        "id": "B005",
        "node_class": 2,
        "kind": "building",
        "name": "南校区19栋",
        "height_m": 12,
        "height_source": "示意高度 12 m",
        "osm_way_id": "337138416",
        "connection_status": "unconnected; entrance survey required"
      }
    },
    {
      "type": "Feature",
      "geometry": {
        "type": "Point",
        "coordinates": [
          112.93316954803785,
          28.165524249999997
        ]
      },
      "properties": {
        "id": "B006",
        "node_class": 2,
        "kind": "building",
        "name": "南校区25栋",
        "height_m": 12,
        "height_source": "示意高度 12 m",
        "osm_way_id": "337138418",
        "connection_status": "unconnected; entrance survey required"
      }
    },
    {
      "type": "Feature",
      "geometry": {
        "type": "Point",
        "coordinates": [
          112.93318209609171,
          28.166064
        ]
      },
      "properties": {
        "id": "B007",
        "node_class": 2,
        "kind": "building",
        "name": "南校区18栋",
        "height_m": 12,
        "height_source": "示意高度 12 m",
        "osm_way_id": "337138419",
        "connection_status": "unconnected; entrance survey required"
      }
    },
    {
      "type": "Feature",
      "geometry": {
        "type": "Point",
        "coordinates": [
          112.93319608929534,
          28.1663408
        ]
      },
      "properties": {
        "id": "B008",
        "node_class": 2,
        "kind": "building",
        "name": "南校区27栋",
        "height_m": 12,
        "height_source": "示意高度 12 m",
        "osm_way_id": "337138420",
        "connection_status": "unconnected; entrance survey required"
      }
    },
    {
      "type": "Feature",
      "geometry": {
        "type": "Point",
        "coordinates": [
          112.93321348414251,
          28.1652515
        ]
      },
      "properties": {
        "id": "B009",
        "node_class": 2,
        "kind": "building",
        "name": "南校区26栋",
        "height_m": 12,
        "height_source": "示意高度 12 m",
        "osm_way_id": "337183038",
        "connection_status": "unconnected; entrance survey required"
      }
    },
    {
      "type": "Feature",
      "geometry": {
        "type": "Point",
        "coordinates": [
          112.93025602505168,
          28.1606656
        ]
      },
      "properties": {
        "id": "B010",
        "node_class": 2,
        "kind": "building",
        "name": "升华学生公寓 7 栋",
        "height_m": 12,
        "height_source": "示意高度 12 m",
        "osm_way_id": "381465638",
        "connection_status": "unconnected; entrance survey required"
      }
    },
    {
      "type": "Feature",
      "geometry": {
        "type": "Point",
        "coordinates": [
          112.93139953117651,
          28.160812399999998
        ]
      },
      "properties": {
        "id": "B011",
        "node_class": 2,
        "kind": "building",
        "name": "升华学生公寓 8 栋",
        "height_m": 12,
        "height_source": "示意高度 12 m",
        "osm_way_id": "381465639",
        "connection_status": "unconnected; entrance survey required"
      }
    },
    {
      "type": "Feature",
      "geometry": {
        "type": "Point",
        "coordinates": [
          112.92809705112025,
          28.1638455
        ]
      },
      "properties": {
        "id": "B012",
        "node_class": 2,
        "kind": "building",
        "name": "升华学生公寓32栋",
        "height_m": 22.43,
        "height_source": "OSM height",
        "osm_way_id": "381465644",
        "connection_status": "unconnected; entrance survey required"
      }
    },
    {
      "type": "Feature",
      "geometry": {
        "type": "Point",
        "coordinates": [
          112.92961644155291,
          28.1617927
        ]
      },
      "properties": {
        "id": "B013",
        "node_class": 2,
        "kind": "building",
        "name": "升华学生公寓 14 栋",
        "height_m": 12,
        "height_source": "示意高度 12 m",
        "osm_way_id": "381465645",
        "connection_status": "unconnected; entrance survey required"
      }
    },
    {
      "type": "Feature",
      "geometry": {
        "type": "Point",
        "coordinates": [
          112.932088968487,
          28.16229285
        ]
      },
      "properties": {
        "id": "B014",
        "node_class": 2,
        "kind": "building",
        "name": "中南大学七食堂",
        "height_m": 12,
        "height_source": "示意高度 12 m",
        "osm_way_id": "381465646",
        "connection_status": "unconnected; entrance survey required"
      }
    },
    {
      "type": "Feature",
      "geometry": {
        "type": "Point",
        "coordinates": [
          112.92999137604892,
          28.161254
        ]
      },
      "properties": {
        "id": "B015",
        "node_class": 2,
        "kind": "building",
        "name": "升华学生公寓 13 栋",
        "height_m": 12,
        "height_source": "示意高度 12 m",
        "osm_way_id": "381465647",
        "connection_status": "unconnected; entrance survey required"
      }
    },
    {
      "type": "Feature",
      "geometry": {
        "type": "Point",
        "coordinates": [
          112.92825155170603,
          28.16312265
        ]
      },
      "properties": {
        "id": "B016",
        "node_class": 2,
        "kind": "building",
        "name": "升华学生公寓 28 栋南",
        "height_m": 12,
        "height_source": "示意高度 12 m",
        "osm_way_id": "381465648",
        "connection_status": "unconnected; entrance survey required"
      }
    },
    {
      "type": "Feature",
      "geometry": {
        "type": "Point",
        "coordinates": [
          112.93052815217041,
          28.1603685
        ]
      },
      "properties": {
        "id": "B017",
        "node_class": 2,
        "kind": "building",
        "name": "升华学生公寓 6 栋",
        "height_m": 12,
        "height_source": "示意高度 12 m",
        "osm_way_id": "381465651",
        "connection_status": "unconnected; entrance survey required"
      }
    },
    {
      "type": "Feature",
      "geometry": {
        "type": "Point",
        "coordinates": [
          112.92819545497619,
          28.16346235
        ]
      },
      "properties": {
        "id": "B018",
        "node_class": 2,
        "kind": "building",
        "name": "升华学生公寓 28 栋北",
        "height_m": 12,
        "height_source": "示意高度 12 m",
        "osm_way_id": "381465652",
        "connection_status": "unconnected; entrance survey required"
      }
    },
    {
      "type": "Feature",
      "geometry": {
        "type": "Point",
        "coordinates": [
          112.92796994412738,
          28.16490835
        ]
      },
      "properties": {
        "id": "B019",
        "node_class": 2,
        "kind": "building",
        "name": "留学生公寓1栋",
        "height_m": 22.43,
        "height_source": "OSM height",
        "osm_way_id": "381465653",
        "connection_status": "unconnected; entrance survey required"
      }
    },
    {
      "type": "Feature",
      "geometry": {
        "type": "Point",
        "coordinates": [
          112.92945574999999,
          28.163273
        ]
      },
      "properties": {
        "id": "B020",
        "node_class": 2,
        "kind": "building",
        "name": "升华学生公寓 29 栋",
        "height_m": 12,
        "height_source": "示意高度 12 m",
        "osm_way_id": "381465654",
        "connection_status": "unconnected; entrance survey required"
      }
    },
    {
      "type": "Feature",
      "geometry": {
        "type": "Point",
        "coordinates": [
          112.93001049586206,
          28.16095635
        ]
      },
      "properties": {
        "id": "B021",
        "node_class": 2,
        "kind": "building",
        "name": "升华学生公寓 12 栋",
        "height_m": 21.0,
        "height_source": "OSM levels × 3 m",
        "osm_way_id": "381465656",
        "connection_status": "unconnected; entrance survey required"
      }
    },
    {
      "type": "Feature",
      "geometry": {
        "type": "Point",
        "coordinates": [
          112.9292684563637,
          28.1621096
        ]
      },
      "properties": {
        "id": "B022",
        "node_class": 2,
        "kind": "building",
        "name": "升华学生公寓 15 栋",
        "height_m": 12,
        "height_source": "示意高度 12 m",
        "osm_way_id": "381465657",
        "connection_status": "unconnected; entrance survey required"
      }
    },
    {
      "type": "Feature",
      "geometry": {
        "type": "Point",
        "coordinates": [
          112.93073109996777,
          28.161928
        ]
      },
      "properties": {
        "id": "B023",
        "node_class": 2,
        "kind": "building",
        "name": "升华学生公寓 20 栋",
        "height_m": 21.0,
        "height_source": "OSM levels × 3 m",
        "osm_way_id": "381465661",
        "connection_status": "unconnected; entrance survey required"
      }
    },
    {
      "type": "Feature",
      "geometry": {
        "type": "Point",
        "coordinates": [
          112.93204335,
          28.15925295
        ]
      },
      "properties": {
        "id": "B024",
        "node_class": 2,
        "kind": "building",
        "name": "升华学生公寓 1 栋南",
        "height_m": 21.0,
        "height_source": "OSM levels × 3 m",
        "osm_way_id": "381465662",
        "connection_status": "unconnected; entrance survey required"
      }
    },
    {
      "type": "Feature",
      "geometry": {
        "type": "Point",
        "coordinates": [
          112.93065960061158,
          28.1610764
        ]
      },
      "properties": {
        "id": "B025",
        "node_class": 2,
        "kind": "building",
        "name": "升华学生公寓 11 栋",
        "height_m": 12,
        "height_source": "示意高度 12 m",
        "osm_way_id": "381465663",
        "connection_status": "unconnected; entrance survey required"
      }
    },
    {
      "type": "Feature",
      "geometry": {
        "type": "Point",
        "coordinates": [
          112.932069,
          28.159605499999998
        ]
      },
      "properties": {
        "id": "B026",
        "node_class": 2,
        "kind": "building",
        "name": "升华学生公寓 1 栋北",
        "height_m": 21.0,
        "height_source": "OSM levels × 3 m",
        "osm_way_id": "381465664",
        "connection_status": "unconnected; entrance survey required"
      }
    },
    {
      "type": "Feature",
      "geometry": {
        "type": "Point",
        "coordinates": [
          112.92802445000001,
          28.1641982
        ]
      },
      "properties": {
        "id": "B027",
        "node_class": 2,
        "kind": "building",
        "name": "升华学生公寓 33 栋",
        "height_m": 22.43,
        "height_source": "OSM height",
        "osm_way_id": "381465666",
        "connection_status": "unconnected; entrance survey required"
      }
    },
    {
      "type": "Feature",
      "geometry": {
        "type": "Point",
        "coordinates": [
          112.92963499999999,
          28.162923749999997
        ]
      },
      "properties": {
        "id": "B028",
        "node_class": 2,
        "kind": "building",
        "name": "升华学生公寓 26 栋",
        "height_m": 12,
        "height_source": "示意高度 12 m",
        "osm_way_id": "381465667",
        "connection_status": "unconnected; entrance survey required"
      }
    },
    {
      "type": "Feature",
      "geometry": {
        "type": "Point",
        "coordinates": [
          112.93156071906984,
          28.16046865
        ]
      },
      "properties": {
        "id": "B029",
        "node_class": 2,
        "kind": "building",
        "name": "中南大学八食堂",
        "height_m": 12,
        "height_source": "示意高度 12 m",
        "osm_way_id": "381465668",
        "connection_status": "unconnected; entrance survey required"
      }
    },
    {
      "type": "Feature",
      "geometry": {
        "type": "Point",
        "coordinates": [
          112.93095035236587,
          28.160189850000002
        ]
      },
      "properties": {
        "id": "B030",
        "node_class": 2,
        "kind": "building",
        "name": "升华学生公寓 5 栋",
        "height_m": 21.0,
        "height_source": "OSM levels × 3 m",
        "osm_way_id": "381465671",
        "connection_status": "unconnected; entrance survey required"
      }
    },
    {
      "type": "Feature",
      "geometry": {
        "type": "Point",
        "coordinates": [
          112.93110280086597,
          28.161241750000002
        ]
      },
      "properties": {
        "id": "B031",
        "node_class": 2,
        "kind": "building",
        "name": "升华学生公寓17栋",
        "height_m": 12.0,
        "height_source": "OSM levels × 3 m",
        "osm_way_id": "381465672",
        "connection_status": "unconnected; entrance survey required"
      }
    },
    {
      "type": "Feature",
      "geometry": {
        "type": "Point",
        "coordinates": [
          112.92789820531547,
          28.1652923
        ]
      },
      "properties": {
        "id": "B032",
        "node_class": 2,
        "kind": "building",
        "name": "留学生公寓2栋",
        "height_m": 22.43,
        "height_source": "OSM height",
        "osm_way_id": "381465673",
        "connection_status": "unconnected; entrance survey required"
      }
    },
    {
      "type": "Feature",
      "geometry": {
        "type": "Point",
        "coordinates": [
          112.9319499,
          28.159948749999998
        ]
      },
      "properties": {
        "id": "B033",
        "node_class": 2,
        "kind": "building",
        "name": "升华学生公寓 2 栋",
        "height_m": 12,
        "height_source": "示意高度 12 m",
        "osm_way_id": "381465674",
        "connection_status": "unconnected; entrance survey required"
      }
    },
    {
      "type": "Feature",
      "geometry": {
        "type": "Point",
        "coordinates": [
          112.92932104990899,
          28.16395205
        ]
      },
      "properties": {
        "id": "B034",
        "node_class": 2,
        "kind": "building",
        "name": "升华学生公寓 31 栋",
        "height_m": 22.43,
        "height_source": "OSM height",
        "osm_way_id": "381465675",
        "connection_status": "unconnected; entrance survey required"
      }
    },
    {
      "type": "Feature",
      "geometry": {
        "type": "Point",
        "coordinates": [
          112.93072930101573,
          28.16141545
        ]
      },
      "properties": {
        "id": "B035",
        "node_class": 2,
        "kind": "building",
        "name": "升华学生公寓 18 栋",
        "height_m": 21.0,
        "height_source": "OSM levels × 3 m",
        "osm_way_id": "381465676",
        "connection_status": "unconnected; entrance survey required"
      }
    },
    {
      "type": "Feature",
      "geometry": {
        "type": "Point",
        "coordinates": [
          112.93179180172348,
          28.160803450000003
        ]
      },
      "properties": {
        "id": "B036",
        "node_class": 2,
        "kind": "building",
        "name": "升华学生公寓 9 栋",
        "height_m": 12,
        "height_source": "示意高度 12 m",
        "osm_way_id": "381465677",
        "connection_status": "unconnected; entrance survey required"
      }
    },
    {
      "type": "Feature",
      "geometry": {
        "type": "Point",
        "coordinates": [
          112.92879935346036,
          28.16243395
        ]
      },
      "properties": {
        "id": "B037",
        "node_class": 2,
        "kind": "building",
        "name": "升华学生公寓 16 栋",
        "height_m": 12,
        "height_source": "示意高度 12 m",
        "osm_way_id": "381465678",
        "connection_status": "unconnected; entrance survey required"
      }
    },
    {
      "type": "Feature",
      "geometry": {
        "type": "Point",
        "coordinates": [
          112.92935919968991,
          28.1636121
        ]
      },
      "properties": {
        "id": "B038",
        "node_class": 2,
        "kind": "building",
        "name": "升华学生公寓 30 栋",
        "height_m": 12,
        "height_source": "示意高度 12 m",
        "osm_way_id": "381465679",
        "connection_status": "unconnected; entrance survey required"
      }
    },
    {
      "type": "Feature",
      "geometry": {
        "type": "Point",
        "coordinates": [
          112.92839495000001,
          28.1627692
        ]
      },
      "properties": {
        "id": "B039",
        "node_class": 2,
        "kind": "building",
        "name": "升华学生公寓 27 栋",
        "height_m": 12,
        "height_source": "示意高度 12 m",
        "osm_way_id": "381465681",
        "connection_status": "unconnected; entrance survey required"
      }
    },
    {
      "type": "Feature",
      "geometry": {
        "type": "Point",
        "coordinates": [
          112.93081352109374,
          28.16076055
        ]
      },
      "properties": {
        "id": "B040",
        "node_class": 2,
        "kind": "building",
        "name": "升华学生公寓 10 栋",
        "height_m": 12,
        "height_source": "示意高度 12 m",
        "osm_way_id": "381465682",
        "connection_status": "unconnected; entrance survey required"
      }
    },
    {
      "type": "Feature",
      "geometry": {
        "type": "Point",
        "coordinates": [
          112.93019674908737,
          28.1629059
        ]
      },
      "properties": {
        "id": "B041",
        "node_class": 2,
        "kind": "building",
        "name": "升华学生公寓 25 栋",
        "height_m": 12,
        "height_source": "示意高度 12 m",
        "osm_way_id": "381465683",
        "connection_status": "unconnected; entrance survey required"
      }
    },
    {
      "type": "Feature",
      "geometry": {
        "type": "Point",
        "coordinates": [
          112.93618697430267,
          28.1519384
        ]
      },
      "properties": {
        "id": "B042",
        "node_class": 2,
        "kind": "building",
        "name": "D座",
        "height_m": 12.0,
        "height_source": "OSM height",
        "osm_way_id": "381902395",
        "connection_status": "unconnected; entrance survey required"
      }
    },
    {
      "type": "Feature",
      "geometry": {
        "type": "Point",
        "coordinates": [
          112.93425123776646,
          28.1535447
        ]
      },
      "properties": {
        "id": "B043",
        "node_class": 2,
        "kind": "building",
        "name": "综合实验楼",
        "height_m": 12.0,
        "height_source": "OSM height",
        "osm_way_id": "381902397",
        "connection_status": "unconnected; entrance survey required"
      }
    },
    {
      "type": "Feature",
      "geometry": {
        "type": "Point",
        "coordinates": [
          112.93484185009909,
          28.15036295
        ]
      },
      "properties": {
        "id": "B044",
        "node_class": 2,
        "kind": "building",
        "name": "机电工程学院",
        "height_m": 12,
        "height_source": "示意高度 12 m",
        "osm_way_id": "381902403",
        "connection_status": "unconnected; entrance survey required"
      }
    },
    {
      "type": "Feature",
      "geometry": {
        "type": "Point",
        "coordinates": [
          112.93154930193023,
          28.16421755
        ]
      },
      "properties": {
        "id": "B045",
        "node_class": 2,
        "kind": "building",
        "name": "第一教学楼",
        "height_m": 12,
        "height_source": "示意高度 12 m",
        "osm_way_id": "382786877",
        "connection_status": "unconnected; entrance survey required"
      }
    },
    {
      "type": "Feature",
      "geometry": {
        "type": "Point",
        "coordinates": [
          112.93371680133893,
          28.1536108
        ]
      },
      "properties": {
        "id": "B046",
        "node_class": 2,
        "kind": "building",
        "name": "外语网络楼",
        "height_m": 18.0,
        "height_source": "OSM height",
        "osm_way_id": "382786879",
        "connection_status": "unconnected; entrance survey required"
      }
    },
    {
      "type": "Feature",
      "geometry": {
        "type": "Point",
        "coordinates": [
          112.93679492378666,
          28.1537016
        ]
      },
      "properties": {
        "id": "B047",
        "node_class": 2,
        "kind": "building",
        "name": "A座",
        "height_m": 12.0,
        "height_source": "OSM height",
        "osm_way_id": "382786880",
        "connection_status": "unconnected; entrance survey required"
      }
    },
    {
      "type": "Feature",
      "geometry": {
        "type": "Point",
        "coordinates": [
          112.93618042650243,
          28.15256515
        ]
      },
      "properties": {
        "id": "B048",
        "node_class": 2,
        "kind": "building",
        "name": "C座",
        "height_m": 18.0,
        "height_source": "OSM height",
        "osm_way_id": "382796818",
        "connection_status": "unconnected; entrance survey required"
      }
    },
    {
      "type": "Feature",
      "geometry": {
        "type": "Point",
        "coordinates": [
          112.93005804938346,
          28.16413265
        ]
      },
      "properties": {
        "id": "B049",
        "node_class": 2,
        "kind": "building",
        "name": "第三教学楼",
        "height_m": 12.0,
        "height_source": "OSM levels × 3 m",
        "osm_way_id": "382796820",
        "connection_status": "unconnected; entrance survey required"
      }
    },
    {
      "type": "Feature",
      "geometry": {
        "type": "Point",
        "coordinates": [
          112.93623651028784,
          28.153257500000002
        ]
      },
      "properties": {
        "id": "B050",
        "node_class": 2,
        "kind": "building",
        "name": "B座",
        "height_m": 18.0,
        "height_source": "OSM height",
        "osm_way_id": "382796822",
        "connection_status": "unconnected; entrance survey required"
      }
    },
    {
      "type": "Feature",
      "geometry": {
        "type": "Point",
        "coordinates": [
          112.9321165,
          28.16583705
        ]
      },
      "properties": {
        "id": "B051",
        "node_class": 2,
        "kind": "building",
        "name": "中南大学社会主义学院",
        "height_m": 12,
        "height_source": "示意高度 12 m",
        "osm_way_id": "382863480",
        "connection_status": "unconnected; entrance survey required"
      }
    },
    {
      "type": "Feature",
      "geometry": {
        "type": "Point",
        "coordinates": [
          112.93211216436782,
          28.16634295
        ]
      },
      "properties": {
        "id": "B052",
        "node_class": 2,
        "kind": "building",
        "name": "第二教学楼",
        "height_m": 12,
        "height_source": "示意高度 12 m",
        "osm_way_id": "382863566",
        "connection_status": "unconnected; entrance survey required"
      }
    },
    {
      "type": "Feature",
      "geometry": {
        "type": "Point",
        "coordinates": [
          112.94089702880196,
          28.150391749999997
        ]
      },
      "properties": {
        "id": "B053",
        "node_class": 2,
        "kind": "building",
        "name": "物理学院",
        "height_m": 12,
        "height_source": "示意高度 12 m",
        "osm_way_id": "382863581",
        "connection_status": "unconnected; entrance survey required"
      }
    },
    {
      "type": "Feature",
      "geometry": {
        "type": "Point",
        "coordinates": [
          112.93324839293244,
          28.1627837
        ]
      },
      "properties": {
        "id": "B054",
        "node_class": 2,
        "kind": "building",
        "name": "南校区6舍",
        "height_m": 12,
        "height_source": "示意高度 12 m",
        "osm_way_id": "382863582",
        "connection_status": "unconnected; entrance survey required"
      }
    },
    {
      "type": "Feature",
      "geometry": {
        "type": "Point",
        "coordinates": [
          112.94055644714578,
          28.151948750000003
        ]
      },
      "properties": {
        "id": "B055",
        "node_class": 2,
        "kind": "building",
        "name": "建筑与艺术学院",
        "height_m": 12,
        "height_source": "示意高度 12 m",
        "osm_way_id": "382863583",
        "connection_status": "unconnected; entrance survey required"
      }
    },
    {
      "type": "Feature",
      "geometry": {
        "type": "Point",
        "coordinates": [
          112.9306397773684,
          28.16422965
        ]
      },
      "properties": {
        "id": "B056",
        "node_class": 2,
        "kind": "building",
        "name": "综合楼",
        "height_m": 12,
        "height_source": "示意高度 12 m",
        "osm_way_id": "382863592",
        "connection_status": "unconnected; entrance survey required"
      }
    },
    {
      "type": "Feature",
      "geometry": {
        "type": "Point",
        "coordinates": [
          112.93191817146158,
          28.16679285
        ]
      },
      "properties": {
        "id": "B057",
        "node_class": 2,
        "kind": "building",
        "name": "南校礼堂",
        "height_m": 12,
        "height_source": "示意高度 12 m",
        "osm_way_id": "382863602",
        "connection_status": "unconnected; entrance survey required"
      }
    },
    {
      "type": "Feature",
      "geometry": {
        "type": "Point",
        "coordinates": [
          112.92809811870848,
          28.154374400000002
        ]
      },
      "properties": {
        "id": "B058",
        "node_class": 2,
        "kind": "building",
        "name": "轻合金研究院",
        "height_m": 12,
        "height_source": "示意高度 12 m",
        "osm_way_id": "382863604",
        "connection_status": "unconnected; entrance survey required"
      }
    },
    {
      "type": "Feature",
      "geometry": {
        "type": "Point",
        "coordinates": [
          112.93324409118364,
          28.16317925
        ]
      },
      "properties": {
        "id": "B059",
        "node_class": 2,
        "kind": "building",
        "name": "南校区5舍",
        "height_m": 12,
        "height_source": "示意高度 12 m",
        "osm_way_id": "382863608",
        "connection_status": "unconnected; entrance survey required"
      }
    },
    {
      "type": "Feature",
      "geometry": {
        "type": "Point",
        "coordinates": [
          112.93261361982725,
          28.162616049999997
        ]
      },
      "properties": {
        "id": "B060",
        "node_class": 2,
        "kind": "building",
        "name": "升华学生公寓42栋",
        "height_m": 12,
        "height_source": "示意高度 12 m",
        "osm_way_id": "382869894",
        "connection_status": "unconnected; entrance survey required"
      }
    },
    {
      "type": "Feature",
      "geometry": {
        "type": "Point",
        "coordinates": [
          112.93259394465508,
          28.162969750000002
        ]
      },
      "properties": {
        "id": "B061",
        "node_class": 2,
        "kind": "building",
        "name": "南校区2舍",
        "height_m": 12,
        "height_source": "示意高度 12 m",
        "osm_way_id": "382869895",
        "connection_status": "unconnected; entrance survey required"
      }
    },
    {
      "type": "Feature",
      "geometry": {
        "type": "Point",
        "coordinates": [
          112.93256960106837,
          28.163264599999998
        ]
      },
      "properties": {
        "id": "B062",
        "node_class": 2,
        "kind": "building",
        "name": "南校区1舍",
        "height_m": 12,
        "height_source": "示意高度 12 m",
        "osm_way_id": "382869900",
        "connection_status": "unconnected; entrance survey required"
      }
    },
    {
      "type": "Feature",
      "geometry": {
        "type": "Point",
        "coordinates": [
          112.94154525194926,
          28.15090245
        ]
      },
      "properties": {
        "id": "B063",
        "node_class": 2,
        "kind": "building",
        "name": "化学化工学院",
        "height_m": 12,
        "height_source": "示意高度 12 m",
        "osm_way_id": "382873097",
        "connection_status": "unconnected; entrance survey required"
      }
    },
    {
      "type": "Feature",
      "geometry": {
        "type": "Point",
        "coordinates": [
          112.92868470609667,
          28.153126800000003
        ]
      },
      "properties": {
        "id": "B064",
        "node_class": 2,
        "kind": "building",
        "name": "未命名建筑",
        "height_m": 12,
        "height_source": "示意高度 12 m",
        "osm_way_id": "382873103",
        "connection_status": "unconnected; entrance survey required"
      }
    },
    {
      "type": "Feature",
      "geometry": {
        "type": "Point",
        "coordinates": [
          112.93125381551587,
          28.150953299999998
        ]
      },
      "properties": {
        "id": "B065",
        "node_class": 2,
        "kind": "building",
        "name": "中南大学 保卫科",
        "height_m": 12,
        "height_source": "示意高度 12 m",
        "osm_way_id": "382873118",
        "connection_status": "unconnected; entrance survey required"
      }
    },
    {
      "type": "Feature",
      "geometry": {
        "type": "Point",
        "coordinates": [
          112.93161695218144,
          28.1684416
        ]
      },
      "properties": {
        "id": "B066",
        "node_class": 2,
        "kind": "building",
        "name": "南校区1栋",
        "height_m": 12,
        "height_source": "示意高度 12 m",
        "osm_way_id": "382877564",
        "connection_status": "unconnected; entrance survey required"
      }
    },
    {
      "type": "Feature",
      "geometry": {
        "type": "Point",
        "coordinates": [
          112.93163895,
          28.1682213
        ]
      },
      "properties": {
        "id": "B067",
        "node_class": 2,
        "kind": "building",
        "name": "南校区2栋",
        "height_m": 12,
        "height_source": "示意高度 12 m",
        "osm_way_id": "382877829",
        "connection_status": "unconnected; entrance survey required"
      }
    },
    {
      "type": "Feature",
      "geometry": {
        "type": "Point",
        "coordinates": [
          112.93215790187094,
          28.168491699999997
        ]
      },
      "properties": {
        "id": "B068",
        "node_class": 2,
        "kind": "building",
        "name": "南校区4栋",
        "height_m": 12,
        "height_source": "示意高度 12 m",
        "osm_way_id": "382877905",
        "connection_status": "unconnected; entrance survey required"
      }
    },
    {
      "type": "Feature",
      "geometry": {
        "type": "Point",
        "coordinates": [
          112.93218100186408,
          28.1682669
        ]
      },
      "properties": {
        "id": "B069",
        "node_class": 2,
        "kind": "building",
        "name": "南校区5栋",
        "height_m": 12,
        "height_source": "示意高度 12 m",
        "osm_way_id": "382877921",
        "connection_status": "unconnected; entrance survey required"
      }
    },
    {
      "type": "Feature",
      "geometry": {
        "type": "Point",
        "coordinates": [
          112.93166104780286,
          28.16790765
        ]
      },
      "properties": {
        "id": "B070",
        "node_class": 2,
        "kind": "building",
        "name": "南校区28栋",
        "height_m": 12,
        "height_source": "示意高度 12 m",
        "osm_way_id": "382878309",
        "connection_status": "unconnected; entrance survey required"
      }
    },
    {
      "type": "Feature",
      "geometry": {
        "type": "Point",
        "coordinates": [
          112.93174505,
          28.167357600000003
        ]
      },
      "properties": {
        "id": "B071",
        "node_class": 2,
        "kind": "building",
        "name": "南校区20栋",
        "height_m": 12,
        "height_source": "示意高度 12 m",
        "osm_way_id": "382878450",
        "connection_status": "unconnected; entrance survey required"
      }
    },
    {
      "type": "Feature",
      "geometry": {
        "type": "Point",
        "coordinates": [
          112.93222044813298,
          28.168064299999998
        ]
      },
      "properties": {
        "id": "B072",
        "node_class": 2,
        "kind": "building",
        "name": "南校区6栋",
        "height_m": 12,
        "height_source": "示意高度 12 m",
        "osm_way_id": "382878456",
        "connection_status": "unconnected; entrance survey required"
      }
    },
    {
      "type": "Feature",
      "geometry": {
        "type": "Point",
        "coordinates": [
          112.932255,
          28.16777385
        ]
      },
      "properties": {
        "id": "B073",
        "node_class": 2,
        "kind": "building",
        "name": "南校区7栋",
        "height_m": 12,
        "height_source": "示意高度 12 m",
        "osm_way_id": "382878495",
        "connection_status": "unconnected; entrance survey required"
      }
    },
    {
      "type": "Feature",
      "geometry": {
        "type": "Point",
        "coordinates": [
          112.93230663525476,
          28.16741725
        ]
      },
      "properties": {
        "id": "B074",
        "node_class": 2,
        "kind": "building",
        "name": "南校区21栋",
        "height_m": 12,
        "height_source": "示意高度 12 m",
        "osm_way_id": "382878517",
        "connection_status": "unconnected; entrance survey required"
      }
    },
    {
      "type": "Feature",
      "geometry": {
        "type": "Point",
        "coordinates": [
          112.93279467271712,
          28.16741055
        ]
      },
      "properties": {
        "id": "B075",
        "node_class": 2,
        "kind": "building",
        "name": "云麓园社区公共服务中心",
        "height_m": 12,
        "height_source": "示意高度 12 m",
        "osm_way_id": "382878553",
        "connection_status": "unconnected; entrance survey required"
      }
    },
    {
      "type": "Feature",
      "geometry": {
        "type": "Point",
        "coordinates": [
          112.93272550197553,
          28.167633950000003
        ]
      },
      "properties": {
        "id": "B076",
        "node_class": 2,
        "kind": "building",
        "name": "南校区10栋",
        "height_m": 12,
        "height_source": "示意高度 12 m",
        "osm_way_id": "382878566",
        "connection_status": "unconnected; entrance survey required"
      }
    },
    {
      "type": "Feature",
      "geometry": {
        "type": "Point",
        "coordinates": [
          112.9327009,
          28.16780325
        ]
      },
      "properties": {
        "id": "B077",
        "node_class": 2,
        "kind": "building",
        "name": "南校区9栋",
        "height_m": 12,
        "height_source": "示意高度 12 m",
        "osm_way_id": "382879004",
        "connection_status": "unconnected; entrance survey required"
      }
    },
    {
      "type": "Feature",
      "geometry": {
        "type": "Point",
        "coordinates": [
          112.93302974374416,
          28.167167550000002
        ]
      },
      "properties": {
        "id": "B078",
        "node_class": 2,
        "kind": "building",
        "name": "教工之家",
        "height_m": 12,
        "height_source": "示意高度 12 m",
        "osm_way_id": "382879023",
        "connection_status": "unconnected; entrance survey required"
      }
    },
    {
      "type": "Feature",
      "geometry": {
        "type": "Point",
        "coordinates": [
          112.93245994909114,
          28.16716645
        ]
      },
      "properties": {
        "id": "B079",
        "node_class": 2,
        "kind": "building",
        "name": "南校区15栋",
        "height_m": 12,
        "height_source": "示意高度 12 m",
        "osm_way_id": "382879135",
        "connection_status": "unconnected; entrance survey required"
      }
    },
    {
      "type": "Feature",
      "geometry": {
        "type": "Point",
        "coordinates": [
          112.93183369948515,
          28.16709615
        ]
      },
      "properties": {
        "id": "B080",
        "node_class": 2,
        "kind": "building",
        "name": "南校区11栋",
        "height_m": 12,
        "height_source": "示意高度 12 m",
        "osm_way_id": "382879147",
        "connection_status": "unconnected; entrance survey required"
      }
    },
    {
      "type": "Feature",
      "geometry": {
        "type": "Point",
        "coordinates": [
          112.93087725000001,
          28.150853650000002
        ]
      },
      "properties": {
        "id": "B081",
        "node_class": 2,
        "kind": "building",
        "name": "未命名建筑",
        "height_m": 12,
        "height_source": "示意高度 12 m",
        "osm_way_id": "382988127",
        "connection_status": "unconnected; entrance survey required"
      }
    },
    {
      "type": "Feature",
      "geometry": {
        "type": "Point",
        "coordinates": [
          112.93016415569672,
          28.16328865
        ]
      },
      "properties": {
        "id": "B082",
        "node_class": 2,
        "kind": "building",
        "name": "未命名建筑",
        "height_m": 12,
        "height_source": "示意高度 12 m",
        "osm_way_id": "383028791",
        "connection_status": "unconnected; entrance survey required"
      }
    },
    {
      "type": "Feature",
      "geometry": {
        "type": "Point",
        "coordinates": [
          112.93279542922848,
          28.1618239
        ]
      },
      "properties": {
        "id": "B083",
        "node_class": 2,
        "kind": "building",
        "name": "南校区8舍",
        "height_m": 12,
        "height_source": "示意高度 12 m",
        "osm_way_id": "383029265",
        "connection_status": "unconnected; entrance survey required"
      }
    },
    {
      "type": "Feature",
      "geometry": {
        "type": "Point",
        "coordinates": [
          112.93314224946809,
          28.166572600000002
        ]
      },
      "properties": {
        "id": "B084",
        "node_class": 2,
        "kind": "building",
        "name": "南校区14栋",
        "height_m": 12,
        "height_source": "示意高度 12 m",
        "osm_way_id": "383029711",
        "connection_status": "unconnected; entrance survey required"
      }
    },
    {
      "type": "Feature",
      "geometry": {
        "type": "Point",
        "coordinates": [
          112.93310979785787,
          28.16676485
        ]
      },
      "properties": {
        "id": "B085",
        "node_class": 2,
        "kind": "building",
        "name": "南校区13栋",
        "height_m": 12,
        "height_source": "示意高度 12 m",
        "osm_way_id": "383029729",
        "connection_status": "unconnected; entrance survey required"
      }
    },
    {
      "type": "Feature",
      "geometry": {
        "type": "Point",
        "coordinates": [
          112.93309115,
          28.16694215
        ]
      },
      "properties": {
        "id": "B086",
        "node_class": 2,
        "kind": "building",
        "name": "南校区12栋",
        "height_m": 12,
        "height_source": "示意高度 12 m",
        "osm_way_id": "383029774",
        "connection_status": "unconnected; entrance survey required"
      }
    },
    {
      "type": "Feature",
      "geometry": {
        "type": "Point",
        "coordinates": [
          112.93252115203971,
          28.166897300000002
        ]
      },
      "properties": {
        "id": "B087",
        "node_class": 2,
        "kind": "building",
        "name": "24栋",
        "height_m": 12,
        "height_source": "示意高度 12 m",
        "osm_way_id": "383029907",
        "connection_status": "unconnected; entrance survey required"
      }
    },
    {
      "type": "Feature",
      "geometry": {
        "type": "Point",
        "coordinates": [
          112.93227935192459,
          28.1675845
        ]
      },
      "properties": {
        "id": "B088",
        "node_class": 2,
        "kind": "building",
        "name": "南校区8栋",
        "height_m": 12,
        "height_source": "示意高度 12 m",
        "osm_way_id": "383030058",
        "connection_status": "unconnected; entrance survey required"
      }
    },
    {
      "type": "Feature",
      "geometry": {
        "type": "Point",
        "coordinates": [
          112.931663,
          28.1685865
        ]
      },
      "properties": {
        "id": "B089",
        "node_class": 2,
        "kind": "building",
        "name": "未命名建筑",
        "height_m": 12,
        "height_source": "示意高度 12 m",
        "osm_way_id": "383030643",
        "connection_status": "unconnected; entrance survey required"
      }
    },
    {
      "type": "Feature",
      "geometry": {
        "type": "Point",
        "coordinates": [
          112.9319746,
          28.1685987
        ]
      },
      "properties": {
        "id": "B090",
        "node_class": 2,
        "kind": "building",
        "name": "未命名建筑",
        "height_m": 12,
        "height_source": "示意高度 12 m",
        "osm_way_id": "383031142",
        "connection_status": "unconnected; entrance survey required"
      }
    },
    {
      "type": "Feature",
      "geometry": {
        "type": "Point",
        "coordinates": [
          112.93089000296868,
          28.165886649999997
        ]
      },
      "properties": {
        "id": "B091",
        "node_class": 2,
        "kind": "building",
        "name": "鸿业楼",
        "height_m": 12,
        "height_source": "示意高度 12 m",
        "osm_way_id": "383077655",
        "connection_status": "unconnected; entrance survey required"
      }
    },
    {
      "type": "Feature",
      "geometry": {
        "type": "Point",
        "coordinates": [
          112.93063999589157,
          28.16567095
        ]
      },
      "properties": {
        "id": "B092",
        "node_class": 2,
        "kind": "building",
        "name": "南校区17栋",
        "height_m": 12,
        "height_source": "示意高度 12 m",
        "osm_way_id": "383077656",
        "connection_status": "unconnected; entrance survey required"
      }
    },
    {
      "type": "Feature",
      "geometry": {
        "type": "Point",
        "coordinates": [
          112.93097755,
          28.165672700000002
        ]
      },
      "properties": {
        "id": "B093",
        "node_class": 2,
        "kind": "building",
        "name": "南校区16栋",
        "height_m": 12,
        "height_source": "示意高度 12 m",
        "osm_way_id": "383077657",
        "connection_status": "unconnected; entrance survey required"
      }
    },
    {
      "type": "Feature",
      "geometry": {
        "type": "Point",
        "coordinates": [
          112.93091107982306,
          28.165361
        ]
      },
      "properties": {
        "id": "B094",
        "node_class": 2,
        "kind": "building",
        "name": "南校区31栋",
        "height_m": 12,
        "height_source": "示意高度 12 m",
        "osm_way_id": "383077658",
        "connection_status": "unconnected; entrance survey required"
      }
    },
    {
      "type": "Feature",
      "geometry": {
        "type": "Point",
        "coordinates": [
          112.92998600814232,
          28.165051849999998
        ]
      },
      "properties": {
        "id": "B095",
        "node_class": 2,
        "kind": "building",
        "name": "南校区30栋",
        "height_m": 12,
        "height_source": "示意高度 12 m",
        "osm_way_id": "383077659",
        "connection_status": "unconnected; entrance survey required"
      }
    },
    {
      "type": "Feature",
      "geometry": {
        "type": "Point",
        "coordinates": [
          112.9299028501394,
          28.16477775
        ]
      },
      "properties": {
        "id": "B096",
        "node_class": 2,
        "kind": "building",
        "name": "南校区29栋",
        "height_m": 12,
        "height_source": "示意高度 12 m",
        "osm_way_id": "383077660",
        "connection_status": "unconnected; entrance survey required"
      }
    },
    {
      "type": "Feature",
      "geometry": {
        "type": "Point",
        "coordinates": [
          112.929584887577,
          28.162593700000002
        ]
      },
      "properties": {
        "id": "B097",
        "node_class": 2,
        "kind": "building",
        "name": "升华服务部",
        "height_m": 12,
        "height_source": "示意高度 12 m",
        "osm_way_id": "383091373",
        "connection_status": "unconnected; entrance survey required"
      }
    },
    {
      "type": "Feature",
      "geometry": {
        "type": "Point",
        "coordinates": [
          112.92665391,
          28.1615255
        ]
      },
      "properties": {
        "id": "B098",
        "node_class": 2,
        "kind": "building",
        "name": "毓秀楼",
        "height_m": 12,
        "height_source": "示意高度 12 m",
        "osm_way_id": "601681750",
        "connection_status": "unconnected; entrance survey required"
      }
    },
    {
      "type": "Feature",
      "geometry": {
        "type": "Point",
        "coordinates": [
          112.92617546078094,
          28.16334885
        ]
      },
      "properties": {
        "id": "B099",
        "node_class": 2,
        "kind": "building",
        "name": "金贵楼",
        "height_m": 18.0,
        "height_source": "OSM levels × 3 m",
        "osm_way_id": "660915679",
        "connection_status": "unconnected; entrance survey required"
      }
    },
    {
      "type": "Feature",
      "geometry": {
        "type": "Point",
        "coordinates": [
          112.9258911966898,
          28.164344999999997
        ]
      },
      "properties": {
        "id": "B100",
        "node_class": 2,
        "kind": "building",
        "name": "地信楼",
        "height_m": 15.0,
        "height_source": "OSM levels × 3 m",
        "osm_way_id": "660915680",
        "connection_status": "unconnected; entrance survey required"
      }
    },
    {
      "type": "Feature",
      "geometry": {
        "type": "Point",
        "coordinates": [
          112.93095523782921,
          28.15767685
        ]
      },
      "properties": {
        "id": "B101",
        "node_class": 2,
        "kind": "building",
        "name": "中南大学游泳馆&羽毛球馆&篮球馆",
        "height_m": 29.0,
        "height_source": "OSM height",
        "osm_way_id": "983556518",
        "connection_status": "unconnected; entrance survey required"
      }
    },
    {
      "type": "Feature",
      "geometry": {
        "type": "Point",
        "coordinates": [
          112.9419759120298,
          28.154133450000003
        ]
      },
      "properties": {
        "id": "B102",
        "node_class": 2,
        "kind": "building",
        "name": "村落研究中心",
        "height_m": 9.0,
        "height_source": "OSM levels × 3 m",
        "osm_way_id": "983566665",
        "connection_status": "unconnected; entrance survey required"
      }
    },
    {
      "type": "Feature",
      "geometry": {
        "type": "Point",
        "coordinates": [
          112.9414833,
          28.1495907
        ]
      },
      "properties": {
        "id": "B103",
        "node_class": 2,
        "kind": "building",
        "name": "未命名建筑",
        "height_m": 12,
        "height_source": "示意高度 12 m",
        "osm_way_id": "1026484195",
        "connection_status": "unconnected; entrance survey required"
      }
    },
    {
      "type": "Feature",
      "geometry": {
        "type": "Point",
        "coordinates": [
          112.94029172581992,
          28.1503552
        ]
      },
      "properties": {
        "id": "B104",
        "node_class": 2,
        "kind": "building",
        "name": "未命名建筑",
        "height_m": 12,
        "height_source": "示意高度 12 m",
        "osm_way_id": "1026484198",
        "connection_status": "unconnected; entrance survey required"
      }
    },
    {
      "type": "Feature",
      "geometry": {
        "type": "Point",
        "coordinates": [
          112.94078141292744,
          28.149803
        ]
      },
      "properties": {
        "id": "B105",
        "node_class": 2,
        "kind": "building",
        "name": "数学与统计学院",
        "height_m": 12,
        "height_source": "示意高度 12 m",
        "osm_way_id": "1026484199",
        "connection_status": "unconnected; entrance survey required"
      }
    },
    {
      "type": "Feature",
      "geometry": {
        "type": "Point",
        "coordinates": [
          112.94108430434028,
          28.1497491
        ]
      },
      "properties": {
        "id": "B106",
        "node_class": 2,
        "kind": "building",
        "name": "未命名建筑",
        "height_m": 12,
        "height_source": "示意高度 12 m",
        "osm_way_id": "1026484200",
        "connection_status": "unconnected; entrance survey required"
      }
    },
    {
      "type": "Feature",
      "geometry": {
        "type": "Point",
        "coordinates": [
          112.9404924762263,
          28.1499339
        ]
      },
      "properties": {
        "id": "B107",
        "node_class": 2,
        "kind": "building",
        "name": "未命名建筑",
        "height_m": 12,
        "height_source": "示意高度 12 m",
        "osm_way_id": "1026484201",
        "connection_status": "unconnected; entrance survey required"
      }
    },
    {
      "type": "Feature",
      "geometry": {
        "type": "Point",
        "coordinates": [
          112.92652608699845,
          28.1645094
        ]
      },
      "properties": {
        "id": "B108",
        "node_class": 2,
        "kind": "building",
        "name": "未命名建筑",
        "height_m": 12,
        "height_source": "示意高度 12 m",
        "osm_way_id": "1029393708",
        "connection_status": "unconnected; entrance survey required"
      }
    },
    {
      "type": "Feature",
      "geometry": {
        "type": "Point",
        "coordinates": [
          112.92606645000001,
          28.16435835
        ]
      },
      "properties": {
        "id": "B109",
        "node_class": 2,
        "kind": "building",
        "name": "未命名建筑",
        "height_m": 12,
        "height_source": "示意高度 12 m",
        "osm_way_id": "1029393709",
        "connection_status": "unconnected; entrance survey required"
      }
    },
    {
      "type": "Feature",
      "geometry": {
        "type": "Point",
        "coordinates": [
          112.92803030851843,
          28.16457415
        ]
      },
      "properties": {
        "id": "B110",
        "node_class": 2,
        "kind": "building",
        "name": "升华学生公寓36栋",
        "height_m": 16.4,
        "height_source": "OSM height",
        "osm_way_id": "1029393710",
        "connection_status": "unconnected; entrance survey required"
      }
    },
    {
      "type": "Feature",
      "geometry": {
        "type": "Point",
        "coordinates": [
          112.92926512588167,
          28.16434825
        ]
      },
      "properties": {
        "id": "B111",
        "node_class": 2,
        "kind": "building",
        "name": "升华学生公寓34栋",
        "height_m": 16.4,
        "height_source": "OSM height",
        "osm_way_id": "1029393711",
        "connection_status": "unconnected; entrance survey required"
      }
    },
    {
      "type": "Feature",
      "geometry": {
        "type": "Point",
        "coordinates": [
          112.92913300044961,
          28.16473185
        ]
      },
      "properties": {
        "id": "B112",
        "node_class": 2,
        "kind": "building",
        "name": "升华学生公寓35栋",
        "height_m": 16.0,
        "height_source": "OSM height",
        "osm_way_id": "1029393712",
        "connection_status": "unconnected; entrance survey required"
      }
    },
    {
      "type": "Feature",
      "geometry": {
        "type": "Point",
        "coordinates": [
          112.92877117930657,
          28.165364949999997
        ]
      },
      "properties": {
        "id": "B113",
        "node_class": 2,
        "kind": "building",
        "name": "升华学生公寓39栋",
        "height_m": 17.8,
        "height_source": "OSM height",
        "osm_way_id": "1029393713",
        "connection_status": "unconnected; entrance survey required"
      }
    },
    {
      "type": "Feature",
      "geometry": {
        "type": "Point",
        "coordinates": [
          112.92665676037234,
          28.1637049
        ]
      },
      "properties": {
        "id": "B114",
        "node_class": 2,
        "kind": "building",
        "name": "兵卿楼",
        "height_m": 12,
        "height_source": "示意高度 12 m",
        "osm_way_id": "1029393717",
        "connection_status": "unconnected; entrance survey required"
      }
    },
    {
      "type": "Feature",
      "geometry": {
        "type": "Point",
        "coordinates": [
          112.92673882420496,
          28.1630262
        ]
      },
      "properties": {
        "id": "B115",
        "node_class": 2,
        "kind": "building",
        "name": "盖亚楼",
        "height_m": 12,
        "height_source": "示意高度 12 m",
        "osm_way_id": "1029393718",
        "connection_status": "unconnected; entrance survey required"
      }
    },
    {
      "type": "Feature",
      "geometry": {
        "type": "Point",
        "coordinates": [
          112.92633244907407,
          28.16362925
        ]
      },
      "properties": {
        "id": "B116",
        "node_class": 2,
        "kind": "building",
        "name": "未命名建筑",
        "height_m": 12,
        "height_source": "示意高度 12 m",
        "osm_way_id": "1029410057",
        "connection_status": "unconnected; entrance survey required"
      }
    },
    {
      "type": "Feature",
      "geometry": {
        "type": "Point",
        "coordinates": [
          112.92641193524844,
          28.16308025
        ]
      },
      "properties": {
        "id": "B117",
        "node_class": 2,
        "kind": "building",
        "name": "未命名建筑",
        "height_m": 12,
        "height_source": "示意高度 12 m",
        "osm_way_id": "1029410058",
        "connection_status": "unconnected; entrance survey required"
      }
    },
    {
      "type": "Feature",
      "geometry": {
        "type": "Point",
        "coordinates": [
          112.93430510484234,
          28.16500035
        ]
      },
      "properties": {
        "id": "B118",
        "node_class": 2,
        "kind": "building",
        "name": "研究生1舍",
        "height_m": 12,
        "height_source": "示意高度 12 m",
        "osm_way_id": "1029446392",
        "connection_status": "unconnected; entrance survey required"
      }
    },
    {
      "type": "Feature",
      "geometry": {
        "type": "Point",
        "coordinates": [
          112.93149812635768,
          28.1676244
        ]
      },
      "properties": {
        "id": "B119",
        "node_class": 2,
        "kind": "building",
        "name": "未命名建筑",
        "height_m": 12,
        "height_source": "示意高度 12 m",
        "osm_way_id": "1029446396",
        "connection_status": "unconnected; entrance survey required"
      }
    },
    {
      "type": "Feature",
      "geometry": {
        "type": "Point",
        "coordinates": [
          112.93174671210164,
          28.16757685
        ]
      },
      "properties": {
        "id": "B120",
        "node_class": 2,
        "kind": "building",
        "name": "中南大学后勤保障部修建服务中心",
        "height_m": 12,
        "height_source": "示意高度 12 m",
        "osm_way_id": "1029446397",
        "connection_status": "unconnected; entrance survey required"
      }
    },
    {
      "type": "Feature",
      "geometry": {
        "type": "Point",
        "coordinates": [
          112.93181318474768,
          28.1676783
        ]
      },
      "properties": {
        "id": "B121",
        "node_class": 2,
        "kind": "building",
        "name": "未命名建筑",
        "height_m": 12,
        "height_source": "示意高度 12 m",
        "osm_way_id": "1029446398",
        "connection_status": "unconnected; entrance survey required"
      }
    },
    {
      "type": "Feature",
      "geometry": {
        "type": "Point",
        "coordinates": [
          112.93169323592615,
          28.16775585
        ]
      },
      "properties": {
        "id": "B122",
        "node_class": 2,
        "kind": "building",
        "name": "未命名建筑",
        "height_m": 12,
        "height_source": "示意高度 12 m",
        "osm_way_id": "1029446399",
        "connection_status": "unconnected; entrance survey required"
      }
    },
    {
      "type": "Feature",
      "geometry": {
        "type": "Point",
        "coordinates": [
          112.9334312047729,
          28.16670505
        ]
      },
      "properties": {
        "id": "B123",
        "node_class": 2,
        "kind": "building",
        "name": "南校区23栋",
        "height_m": 12,
        "height_source": "示意高度 12 m",
        "osm_way_id": "1029446400",
        "connection_status": "unconnected; entrance survey required"
      }
    },
    {
      "type": "Feature",
      "geometry": {
        "type": "Point",
        "coordinates": [
          112.93339504701999,
          28.1669782
        ]
      },
      "properties": {
        "id": "B124",
        "node_class": 2,
        "kind": "building",
        "name": "南校区22栋",
        "height_m": 12,
        "height_source": "示意高度 12 m",
        "osm_way_id": "1029446401",
        "connection_status": "unconnected; entrance survey required"
      }
    },
    {
      "type": "Feature",
      "geometry": {
        "type": "Point",
        "coordinates": [
          112.93029006555835,
          28.165411900000002
        ]
      },
      "properties": {
        "id": "B125",
        "node_class": 2,
        "kind": "building",
        "name": "南校区32栋",
        "height_m": 12,
        "height_source": "示意高度 12 m",
        "osm_way_id": "1029446402",
        "connection_status": "unconnected; entrance survey required"
      }
    },
    {
      "type": "Feature",
      "geometry": {
        "type": "Point",
        "coordinates": [
          112.93055269706952,
          28.16481065
        ]
      },
      "properties": {
        "id": "B126",
        "node_class": 2,
        "kind": "building",
        "name": "未命名建筑",
        "height_m": 12,
        "height_source": "示意高度 12 m",
        "osm_way_id": "1029446403",
        "connection_status": "unconnected; entrance survey required"
      }
    },
    {
      "type": "Feature",
      "geometry": {
        "type": "Point",
        "coordinates": [
          112.9308711250447,
          28.16619015
        ]
      },
      "properties": {
        "id": "B127",
        "node_class": 2,
        "kind": "building",
        "name": "唱克音乐吧",
        "height_m": 12,
        "height_source": "示意高度 12 m",
        "osm_way_id": "1029446404",
        "connection_status": "unconnected; entrance survey required"
      }
    },
    {
      "type": "Feature",
      "geometry": {
        "type": "Point",
        "coordinates": [
          112.93028014629363,
          28.16356005
        ]
      },
      "properties": {
        "id": "B128",
        "node_class": 2,
        "kind": "building",
        "name": "未命名建筑",
        "height_m": 12,
        "height_source": "示意高度 12 m",
        "osm_way_id": "1030449144",
        "connection_status": "unconnected; entrance survey required"
      }
    },
    {
      "type": "Feature",
      "geometry": {
        "type": "Point",
        "coordinates": [
          112.93021471520655,
          28.16380415
        ]
      },
      "properties": {
        "id": "B129",
        "node_class": 2,
        "kind": "building",
        "name": "未命名建筑",
        "height_m": 12,
        "height_source": "示意高度 12 m",
        "osm_way_id": "1030449145",
        "connection_status": "unconnected; entrance survey required"
      }
    },
    {
      "type": "Feature",
      "geometry": {
        "type": "Point",
        "coordinates": [
          112.93068094872832,
          28.1639489
        ]
      },
      "properties": {
        "id": "B130",
        "node_class": 2,
        "kind": "building",
        "name": "未命名建筑",
        "height_m": 12,
        "height_source": "示意高度 12 m",
        "osm_way_id": "1030449146",
        "connection_status": "unconnected; entrance survey required"
      }
    },
    {
      "type": "Feature",
      "geometry": {
        "type": "Point",
        "coordinates": [
          112.9313372,
          28.1683828
        ]
      },
      "properties": {
        "id": "B131",
        "node_class": 2,
        "kind": "building",
        "name": "未命名建筑",
        "height_m": 12,
        "height_source": "示意高度 12 m",
        "osm_way_id": "1030573566",
        "connection_status": "unconnected; entrance survey required"
      }
    },
    {
      "type": "Feature",
      "geometry": {
        "type": "Point",
        "coordinates": [
          112.9334055,
          28.1496866
        ]
      },
      "properties": {
        "id": "B132",
        "node_class": 2,
        "kind": "building",
        "name": "未命名建筑",
        "height_m": 12,
        "height_source": "示意高度 12 m",
        "osm_way_id": "1030890695",
        "connection_status": "unconnected; entrance survey required"
      }
    },
    {
      "type": "Feature",
      "geometry": {
        "type": "Point",
        "coordinates": [
          112.9352845673094,
          28.15002275
        ]
      },
      "properties": {
        "id": "B133",
        "node_class": 2,
        "kind": "building",
        "name": "未命名建筑",
        "height_m": 12,
        "height_source": "示意高度 12 m",
        "osm_way_id": "1051625130",
        "connection_status": "unconnected; entrance survey required"
      }
    },
    {
      "type": "Feature",
      "geometry": {
        "type": "Point",
        "coordinates": [
          112.93534127433273,
          28.15035325
        ]
      },
      "properties": {
        "id": "B134",
        "node_class": 2,
        "kind": "building",
        "name": "未命名建筑",
        "height_m": 12,
        "height_source": "示意高度 12 m",
        "osm_way_id": "1051625131",
        "connection_status": "unconnected; entrance survey required"
      }
    },
    {
      "type": "Feature",
      "geometry": {
        "type": "Point",
        "coordinates": [
          112.93530453806059,
          28.150656150000003
        ]
      },
      "properties": {
        "id": "B135",
        "node_class": 2,
        "kind": "building",
        "name": "未命名建筑",
        "height_m": 12,
        "height_source": "示意高度 12 m",
        "osm_way_id": "1051625132",
        "connection_status": "unconnected; entrance survey required"
      }
    },
    {
      "type": "Feature",
      "geometry": {
        "type": "Point",
        "coordinates": [
          112.93378694561687,
          28.15006955
        ]
      },
      "properties": {
        "id": "B136",
        "node_class": 2,
        "kind": "building",
        "name": "工程训练中心B栋",
        "height_m": 12,
        "height_source": "示意高度 12 m",
        "osm_way_id": "1051625135",
        "connection_status": "unconnected; entrance survey required"
      }
    },
    {
      "type": "Feature",
      "geometry": {
        "type": "Point",
        "coordinates": [
          112.9340591023088,
          28.15082915
        ]
      },
      "properties": {
        "id": "B137",
        "node_class": 2,
        "kind": "building",
        "name": "工程训练中心A栋",
        "height_m": 12,
        "height_source": "示意高度 12 m",
        "osm_way_id": "1051625136",
        "connection_status": "unconnected; entrance survey required"
      }
    },
    {
      "type": "Feature",
      "geometry": {
        "type": "Point",
        "coordinates": [
          112.93772504202394,
          28.149986249999998
        ]
      },
      "properties": {
        "id": "B138",
        "node_class": 2,
        "kind": "building",
        "name": "自动化学院",
        "height_m": 12,
        "height_source": "示意高度 12 m",
        "osm_way_id": "1051625137",
        "connection_status": "unconnected; entrance survey required"
      }
    },
    {
      "type": "Feature",
      "geometry": {
        "type": "Point",
        "coordinates": [
          112.93839454283108,
          28.1499755
        ]
      },
      "properties": {
        "id": "B139",
        "node_class": 2,
        "kind": "building",
        "name": "计算机学院",
        "height_m": 12,
        "height_source": "示意高度 12 m",
        "osm_way_id": "1051625138",
        "connection_status": "unconnected; entrance survey required"
      }
    },
    {
      "type": "Feature",
      "geometry": {
        "type": "Point",
        "coordinates": [
          112.93001714462974,
          28.1581979
        ]
      },
      "properties": {
        "id": "B140",
        "node_class": 2,
        "kind": "building",
        "name": "中南大学游泳馆&羽毛球馆&篮球馆",
        "height_m": 29.0,
        "height_source": "OSM height",
        "osm_way_id": "1253865410",
        "connection_status": "unconnected; entrance survey required"
      }
    },
    {
      "type": "Feature",
      "geometry": {
        "type": "Point",
        "coordinates": [
          112.93038244095894,
          28.1581611
        ]
      },
      "properties": {
        "id": "B141",
        "node_class": 2,
        "kind": "building",
        "name": "平台",
        "height_m": 6.0,
        "height_source": "OSM height",
        "osm_way_id": "1253865411",
        "connection_status": "unconnected; entrance survey required"
      }
    },
    {
      "type": "Feature",
      "geometry": {
        "type": "Point",
        "coordinates": [
          112.93594287056052,
          28.15281815
        ]
      },
      "properties": {
        "id": "B142",
        "node_class": 2,
        "kind": "building",
        "name": "未命名建筑",
        "height_m": 9.0,
        "height_source": "OSM height",
        "osm_way_id": "1253896187",
        "connection_status": "unconnected; entrance survey required"
      }
    },
    {
      "type": "Feature",
      "geometry": {
        "type": "Point",
        "coordinates": [
          112.93631297256448,
          28.152830350000002
        ]
      },
      "properties": {
        "id": "B143",
        "node_class": 2,
        "kind": "building",
        "name": "未命名建筑",
        "height_m": 9.0,
        "height_source": "OSM height",
        "osm_way_id": "1253896188",
        "connection_status": "unconnected; entrance survey required"
      }
    },
    {
      "type": "Feature",
      "geometry": {
        "type": "Point",
        "coordinates": [
          112.94346057085495,
          28.153542350000002
        ]
      },
      "properties": {
        "id": "B144",
        "node_class": 2,
        "kind": "building",
        "name": "未命名建筑",
        "height_m": 9.0,
        "height_source": "OSM levels × 3 m",
        "osm_way_id": "1257104114",
        "connection_status": "unconnected; entrance survey required"
      }
    },
    {
      "type": "Feature",
      "geometry": {
        "type": "Point",
        "coordinates": [
          112.94344397465235,
          28.1533674
        ]
      },
      "properties": {
        "id": "B145",
        "node_class": 2,
        "kind": "building",
        "name": "未命名建筑",
        "height_m": 27.0,
        "height_source": "OSM levels × 3 m",
        "osm_way_id": "1257104115",
        "connection_status": "unconnected; entrance survey required"
      }
    },
    {
      "type": "Feature",
      "geometry": {
        "type": "Point",
        "coordinates": [
          112.9279355133377,
          28.156803099999998
        ]
      },
      "properties": {
        "id": "B146",
        "node_class": 2,
        "kind": "building",
        "name": "未命名建筑",
        "height_m": 12,
        "height_source": "示意高度 12 m",
        "osm_way_id": "1304083515",
        "connection_status": "unconnected; entrance survey required"
      }
    },
    {
      "type": "Feature",
      "geometry": {
        "type": "Point",
        "coordinates": [
          112.9307918,
          28.1663689
        ]
      },
      "properties": {
        "id": "B147",
        "node_class": 2,
        "kind": "building",
        "name": "金果村5号",
        "height_m": 12,
        "height_source": "示意高度 12 m",
        "osm_way_id": "1436475429",
        "connection_status": "unconnected; entrance survey required"
      }
    },
    {
      "type": "Feature",
      "geometry": {
        "type": "Point",
        "coordinates": [
          112.9287226762912,
          28.165040750000003
        ]
      },
      "properties": {
        "id": "B148",
        "node_class": 2,
        "kind": "building",
        "name": "升华学生公寓38栋",
        "height_m": 17.8,
        "height_source": "OSM height",
        "osm_way_id": "1536430945",
        "connection_status": "unconnected; entrance survey required"
      }
    },
    {
      "type": "Feature",
      "geometry": {
        "type": "Point",
        "coordinates": [
          112.92927529941622,
          28.16501745
        ]
      },
      "properties": {
        "id": "B149",
        "node_class": 2,
        "kind": "building",
        "name": "升华学生公寓37栋",
        "height_m": 17.8,
        "height_source": "OSM height",
        "osm_way_id": "1536430946",
        "connection_status": "unconnected; entrance survey required"
      }
    },
    {
      "type": "Feature",
      "geometry": {
        "type": "Point",
        "coordinates": [
          112.9286367,
          28.16521295
        ]
      },
      "properties": {
        "id": "B150",
        "node_class": 2,
        "kind": "building",
        "name": "未命名建筑",
        "height_m": 12,
        "height_source": "示意高度 12 m",
        "osm_way_id": "1536430948",
        "connection_status": "unconnected; entrance survey required"
      }
    },
    {
      "type": "Feature",
      "geometry": {
        "type": "Point",
        "coordinates": [
          112.93105374382392,
          28.1632016
        ]
      },
      "properties": {
        "id": "B151",
        "node_class": 2,
        "kind": "building",
        "name": "未命名建筑",
        "height_m": 12,
        "height_source": "示意高度 12 m",
        "osm_way_id": "1536430950",
        "connection_status": "unconnected; entrance survey required"
      }
    },
    {
      "type": "Feature",
      "geometry": {
        "type": "Point",
        "coordinates": [
          112.93319368104932,
          28.1624263
        ]
      },
      "properties": {
        "id": "B152",
        "node_class": 2,
        "kind": "building",
        "name": "升华学生公寓44栋",
        "height_m": 12,
        "height_source": "示意高度 12 m",
        "osm_way_id": "1536430951",
        "connection_status": "unconnected; entrance survey required"
      }
    },
    {
      "type": "Feature",
      "geometry": {
        "type": "Point",
        "coordinates": [
          112.93265697043589,
          28.162250200000003
        ]
      },
      "properties": {
        "id": "B153",
        "node_class": 2,
        "kind": "building",
        "name": "升华学生公寓43栋",
        "height_m": 12,
        "height_source": "示意高度 12 m",
        "osm_way_id": "1536430952",
        "connection_status": "unconnected; entrance survey required"
      }
    },
    {
      "type": "Feature",
      "geometry": {
        "type": "Point",
        "coordinates": [
          112.93249385241836,
          28.16240945
        ]
      },
      "properties": {
        "id": "B154",
        "node_class": 2,
        "kind": "building",
        "name": "未命名建筑",
        "height_m": 12,
        "height_source": "示意高度 12 m",
        "osm_way_id": "1536430953",
        "connection_status": "unconnected; entrance survey required"
      }
    },
    {
      "type": "Feature",
      "geometry": {
        "type": "Point",
        "coordinates": [
          112.93453187553666,
          28.15240625
        ]
      },
      "properties": {
        "id": "B155",
        "node_class": 2,
        "kind": "building",
        "name": "未命名建筑",
        "height_m": 12,
        "height_source": "示意高度 12 m",
        "osm_way_id": "1546451604",
        "connection_status": "unconnected; entrance survey required"
      }
    },
    {
      "type": "Feature",
      "geometry": {
        "type": "Point",
        "coordinates": [
          112.93936903105603,
          28.150609199999998
        ]
      },
      "properties": {
        "id": "B156",
        "node_class": 2,
        "kind": "building",
        "name": "未命名建筑",
        "height_m": 12,
        "height_source": "示意高度 12 m",
        "osm_way_id": "1552365348",
        "connection_status": "unconnected; entrance survey required"
      }
    },
    {
      "type": "Feature",
      "geometry": {
        "type": "Point",
        "coordinates": [
          112.9389878,
          28.150612799999998
        ]
      },
      "properties": {
        "id": "B157",
        "node_class": 2,
        "kind": "building",
        "name": "未命名建筑",
        "height_m": 12,
        "height_source": "示意高度 12 m",
        "osm_way_id": "1552365349",
        "connection_status": "unconnected; entrance survey required"
      }
    },
    {
      "type": "Feature",
      "geometry": {
        "type": "Point",
        "coordinates": [
          112.93895107375154,
          28.15042845
        ]
      },
      "properties": {
        "id": "B158",
        "node_class": 2,
        "kind": "building",
        "name": "未命名建筑",
        "height_m": 12,
        "height_source": "示意高度 12 m",
        "osm_way_id": "1552365350",
        "connection_status": "unconnected; entrance survey required"
      }
    },
    {
      "type": "Feature",
      "geometry": {
        "type": "Point",
        "coordinates": [
          112.93904590025294,
          28.1502752
        ]
      },
      "properties": {
        "id": "B159",
        "node_class": 2,
        "kind": "building",
        "name": "未命名建筑",
        "height_m": 12,
        "height_source": "示意高度 12 m",
        "osm_way_id": "1552365351",
        "connection_status": "unconnected; entrance survey required"
      }
    },
    {
      "type": "Feature",
      "geometry": {
        "type": "Point",
        "coordinates": [
          112.93940599999999,
          28.1503914
        ]
      },
      "properties": {
        "id": "B160",
        "node_class": 2,
        "kind": "building",
        "name": "未命名建筑",
        "height_m": 12,
        "height_source": "示意高度 12 m",
        "osm_way_id": "1552365352",
        "connection_status": "unconnected; entrance survey required"
      }
    },
    {
      "type": "Feature",
      "geometry": {
        "type": "Point",
        "coordinates": [
          112.93930705362753,
          28.150476750000003
        ]
      },
      "properties": {
        "id": "B161",
        "node_class": 2,
        "kind": "building",
        "name": "未命名建筑",
        "height_m": 12,
        "height_source": "示意高度 12 m",
        "osm_way_id": "1552365353",
        "connection_status": "unconnected; entrance survey required"
      }
    }
  ]
}